id,customer_id,date,type,debit,credit,description,due_date,created_at,sale_id,restock_id,payment_id,payment_type,payment_proof,return_id,discount
58,57,2026-01-25,Debt,41160,0,"Previous Debt: aj tk ka udhar",,"2026-01-26 18:39:39",,,,,,,0
60,55,2026-01-25,Debt,229830,0,"Previous Debt: Aj tk ka udhar",,"2026-01-26 18:41:56",,,,,,,0
61,54,2026-01-25,Debt,323000,0,"Previous Debt: Aj tk ka udhar",,"2026-01-26 18:43:02",,,,,,,0
63,52,2026-01-25,Debt,113350,0,"Previous Debt: Aj tk ka udhar",,"2026-01-26 18:45:26",,,,,,,0
64,51,2026-01-25,Debt,49285,0,"Previous Debt: Aj tk ka udhar",,"2026-01-26 18:46:08",,,,,,,0
65,50,2026-01-25,Debt,44280,0,"Previous Debt: Aj tk ka udhar",,"2026-01-26 18:46:43",,,,,,,0
66,49,2026-01-25,Debt,114512,0,"Previous Debt: Aj tk ka udhar",,"2026-01-26 18:47:37",,,,,,,0
67,48,2026-01-25,Debt,14900,0,"Previous Debt: Aj tk ka udhar",,"2026-01-26 18:48:22",,,,,,,0
68,47,2026-01-25,Debt,50982,0,"Previous Debt: Aj tk ka udhar",,"2026-01-26 18:48:58",,,,,,,0
69,46,2026-01-25,Debt,13430,0,"Previous Debt: Aj tk ka udhar",,"2026-01-26 18:49:35",,,,,,,0
70,45,2026-01-25,Debt,13430,0,"Previous Debt: Aj tk ka udhar",,"2026-01-26 18:50:38",,,,,,,0
71,44,2026-01-25,Debt,81700,0,"Previous Debt: Aj tk ka udhar",,"2026-01-26 18:51:19",,,,,,,0
73,42,2026-01-25,Debt,5862,0,"Previous Debt: Aj tk ka udhar",,"2026-01-26 18:53:00",,,,,,,0
74,41,2026-01-25,Debt,48520,0,"Previous Debt: Aj tk ka udhar",,"2026-01-26 18:54:34",,,,,,,0
75,40,2026-01-25,Debt,158630,0,"Previous Debt: Aj tk ka udhar",,"2026-01-26 18:55:39",,,,,,,0
76,39,2026-01-25,Debt,11000,0,"Previous Debt: Aj tk ka udhar",,"2026-01-26 18:56:22",,,,,,,0
77,38,2026-01-25,Debt,52610,0,"Previous Debt: Aj tk ka udhar",,"2026-01-26 18:57:01",,,,,,,0
78,37,2026-01-25,Debt,318121,0,"Previous Debt: Aj tk ka udhar",,"2026-01-26 19:00:51",,,,,,,0
79,36,2026-01-25,Debt,193766,0,"Previous Debt: Aj tk ka udhar",,"2026-01-26 19:01:44",,,,,,,0
80,35,2026-01-25,Debt,143210,0,"Previous Debt: Aj tk ka udhar",,"2026-01-26 19:02:19",,,,,,,0
81,34,2026-01-25,Debt,217810,0,"Previous Debt: Aj tk ka udhar",,"2026-01-26 19:02:53",,,,,,,0
82,33,2026-01-25,Debt,38950,0,"Previous Debt: Aj tk ka udhar",,"2026-01-26 19:03:27",,,,,,,0
83,32,2026-01-25,Debt,131720,0,"Previous Debt: Aj tk ka udhar",,"2026-01-26 19:05:46",,,,,,,0
84,31,2026-01-25,Debt,217430,0,"Previous Debt: Aj tk ka udhar",,"2026-01-26 19:06:25",,,,,,,0
85,30,2026-01-25,Debt,105102,0,"Previous Debt: Aj tk ka udhar",,"2026-01-26 19:07:07",,,,,,,0
86,29,2026-01-25,Debt,16320,0,"Previous Debt: Aj tk ka udhar",,"2026-01-26 19:08:05",,,,,,,0
87,28,2026-01-25,Debt,23220,0,"Previous Debt: Aj tk ka udhar",,"2026-01-26 19:08:45",,,,,,,0
88,27,2026-01-25,Debt,61080,0,"Previous Debt: Aj tk ka udhar",,"2026-01-26 19:09:31",,,,,,,0
89,26,2026-01-25,Debt,52380,0,"Previous Debt: Aj tk ka udhar",,"2026-01-26 19:10:12",,,,,,,0
90,25,2026-01-25,Debt,98420,0,"Previous Debt: Aj tk ka udhar",,"2026-01-26 19:10:53",,,,,,,0
91,24,2026-01-25,Debt,26640,0,"Previous Debt: Aj tk ka udhar",,"2026-01-26 19:11:34",,,,,,,0
92,23,2026-01-25,Debt,44290,0,"Previous Debt: Aj tk ka udhar",,"2026-01-26 19:12:16",,,,,,,0
93,22,2026-01-25,Debt,30725,0,"Previous Debt: Aj tk ka udhar",,"2026-01-26 19:13:05",,,,,,,0
94,21,2026-01-25,Debt,154730,0,"Previous Debt: Aj tk ka udhar",,"2026-01-26 19:14:16",,,,,,,0
95,20,2026-01-25,Debt,634620,0,"Previous Debt: Aj tk ka udhar",,"2026-01-26 19:15:07",,,,,,,0
96,19,2026-01-25,Debt,32660,0,"Previous Debt: Aj tk ka udhar",,"2026-01-26 19:15:44",,,,,,,0
97,18,2026-01-25,Debt,65560,0,"Previous Debt: Aj tk ka udhar",,"2026-01-26 19:16:45",,,,,,,0
98,17,2026-01-25,Debt,103200,0,"Previous Debt: Aj tk ka udhar",,"2026-01-26 19:17:29",,,,,,,0
99,16,2026-01-25,Debt,107250,0,"Previous Debt: Aj tk ka udhar",,"2026-01-26 19:18:07",,,,,,,0
100,15,2026-01-25,Debt,55660,0,"Previous Debt: Aj tk ka udhar",,"2026-01-26 19:18:58",,,,,,,0
101,14,2026-01-25,Debt,16000,0,"Previous Debt: Aj tk ka udhar",,"2026-01-26 19:20:16",,,,,,,0
102,13,2026-01-25,Debt,314080,0,"Previous Debt: Aj tk ka udhar",,"2026-01-26 19:20:53",,,,,,,0
103,12,2026-01-25,Debt,28872,0,"Previous Debt: Aj tk ka udhar",,"2026-01-26 19:21:37",,,,,,,0
104,11,2026-01-25,Debt,12850,0,"Previous Debt: Aj tk ka udhar",,"2026-01-26 19:22:15",,,,,,,0
105,10,2026-01-25,Debt,83360,0,"Previous Debt: Aj tk ka udhar",,"2026-01-26 19:22:55",,,,,,,0
106,9,2026-01-25,Debt,164950,0,"Previous Debt: Aj tk ka udhar",,"2026-01-26 19:23:40",,,,,,,0
107,8,2026-01-25,Debt,450780,0,"Previous Debt: Aj tk ka udhar",,"2026-01-26 19:24:25",,,,,,,0
108,7,2026-01-25,Debt,162000,0,"Previous Debt: Aj tk ka udhar",,"2026-01-26 19:25:10",,,,,,,0
109,6,2026-01-25,Debt,45000,0,"Previous Debt: Aj tk ka udhar",,"2026-01-26 19:25:45",,,,,,,0
110,5,2026-01-25,Debt,59340,0,"Previous Debt: Aj tk ka udhar",,"2026-01-26 19:26:24",,,,,,,0
111,4,2026-01-25,Debt,129090,0,"Previous Debt: Aj tk ka udhar",,"2026-01-26 19:26:59",,,,,,,0
112,3,2026-01-25,Debt,369710,0,"Previous Debt: Aj tk ka udhar",,"2026-01-26 19:27:47",,,,,,,0
113,2,2026-01-25,Debt,9430,0,"Previous Debt: Aj tk ka udhar",,"2026-01-26 19:28:20",,,,,,,0
115,55,2026-01-26,Payment,0,32000,"Payment Received: Through Bank",,"2026-01-26 19:31:56",,,,Cash,,,0
116,55,2026-01-26,Payment,0,6000,"Payment Received: Through Bank",,"2026-01-26 19:32:37",,,,Cash,,,0
117,38,2026-01-26,Payment,0,20000,"Payment Received: Through Meezan bank",,"2026-01-26 19:33:42",,,,Cash,,,0
118,31,2026-01-26,Payment,0,20000,"Payment Received: Through Meezan Bank",,"2026-01-26 19:34:40",,,,Cash,,,0
119,42,2026-01-26,Payment,0,5000,"Payment Received: online",,"2026-01-26 19:35:36",,,,Cash,,,0
120,27,2026-01-26,Payment,0,10000,"Payment Received: online",,"2026-01-26 19:36:06",,,,Cash,,,0
121,52,2026-01-27,Payment,0,80000,"Payment Received: ",,"2026-01-27 16:51:31",,,,Cash,,,0
122,55,2026-01-27,Payment,0,50000,"Payment Received: ",,"2026-01-27 16:52:39",,,,Cash,,,0
123,35,2026-01-27,Payment,0,10000,"Payment Received: ",,"2026-01-27 16:53:07",,,,Cash,,,0
124,30,2026-01-27,Payment,0,5000,"Payment Received: ",,"2026-01-27 16:53:40",,,,Cash,,,0
125,3,2026-01-27,Payment,0,6000,"Payment Received: ",,"2026-01-27 16:54:24",,,,Cash,,,0
126,40,2026-01-27,Payment,0,20000,"Payment Received: ",,"2026-01-27 16:57:02",,,,Cash,,,0
127,45,2026-01-27,Sale,116480,0,"Sale #58 Updated - ",2026-02-15,"2026-01-27 19:34:52",58,,,,,,0
128,24,2026-01-26,Sale,127420,0,"Sale #59 Updated - pro uk and clean shave blade entry remaing",2025-12-15,"2026-01-27 19:46:58",59,,,,,,0
129,30,2026-01-27,Sale,41310,0,"Sale #60 Updated - ",2026-02-15,"2026-01-27 20:05:27",60,,,,,,0
130,45,2026-01-27,Payment,0,100000,"Payment Received: ",,"2026-01-27 20:07:21",,,,Cash,,,0
131,3,2026-01-27,Payment,0,7000,"Payment Received: ",,"2026-01-28 11:45:22",,,,Cash,,,0
132,35,2026-01-27,Payment,0,10000,"Payment Received: ",,"2026-01-28 11:45:47",,,,Cash,,,0
133,30,2026-01-27,Payment,0,5000,"Payment Received: ",,"2026-01-28 11:46:21",,,,Cash,,,0
134,54,2026-01-28,Payment,0,70000,"Payment Received: ",,"2026-01-28 11:46:45",,,,Cash,,,0
135,24,2026-01-28,Sale,32112,0,"Sale #61",2026-02-15,"2026-01-28 11:54:03",61,,,,,,0
136,56,2026-01-28,Payment,0,45000,"Payment Received: ",,"2026-01-28 11:56:00",,,,Cash,,,0
137,60,2026-01-27,Sale,35480,0,"Sale #62 Updated - ",2026-02-15,"2026-01-28 12:05:42",62,,,,,,0
138,35,2026-01-26,Sale,32595,0,"Sale #63 Updated - ",2026-02-15,"2026-01-28 12:20:03",63,,,,,,0
139,43,2026-01-28,Sale,6380,0,"Sale #64 Updated - ",2026-02-15,"2026-01-28 12:27:06",64,,,,,,0
140,48,2026-01-28,Sale,118360,0,"Sale #65 Updated - ",2026-02-15,"2026-01-28 12:44:00",65,,,,,,0
141,27,2026-01-26,Sale,12319,0,"Sale #66 Updated - ",2026-02-15,"2026-01-28 12:52:48",66,,,,,,0
142,12,2026-01-28,Sale,15560,0,"Sale #67",2026-02-15,"2026-01-28 12:54:27",67,,,,,,0
143,12,2026-01-26,Payment,0,20240,"Payment Received: 92 peace Orchit k lye",,"2026-01-28 13:07:36",,,,Cash,,,0
144,38,2026-01-28,Sale,30880,0,"Sale #68",2026-02-15,"2026-01-28 13:15:12",68,,,,,,0
145,31,2026-01-28,Payment,0,20000,"Payment Received: ",,"2026-01-28 19:00:33",,,,Cash,,,0
146,8,2026-01-28,Payment,0,100000,"Payment Received: ",,"2026-01-28 19:02:03",,,,Cash,,,0
147,61,2026-01-29,Sale,4395,0,"Sale #69 Updated - ",2026-02-15,"2026-01-30 11:10:45",69,,,,,,0
148,34,2026-01-30,Sale,23230,0,"Sale #70 Updated - ",2026-02-15,"2026-01-30 11:15:06",70,,,,,,0
149,61,2026-01-30,Sale,3400,0,"Sale #71 Updated - 1 item remaining",2026-02-15,"2026-01-30 11:23:39",71,,,,,,0
150,62,2026-01-30,Sale,14184,0,"Sale #72 Updated - ",2026-02-15,"2026-01-30 11:40:59",72,,,,,,0
151,16,2026-01-30,Sale,13200,0,"Sale #73",2026-02-15,"2026-01-30 11:59:46",73,,,,,,0
152,43,2026-01-30,Sale,4707,0,"Sale #74 Updated - ",2026-02-20,"2026-01-30 12:07:53",74,,,,,,0
153,63,2026-01-30,Sale,136080,0,"Sale #75",2026-02-15,"2026-01-30 12:26:44",75,,,,,,0
154,66,2026-01-21,Sale,25500,0,"Sale #76",2026-02-15,"2026-01-30 14:15:04",76,,,,,,0
155,67,2026-01-30,Sale,23720,23720,"Sale #77 Updated - ",,"2026-01-30 14:18:00",77,,,,,,0
156,59,2026-01-27,Sale,13500,0,"Sale #78",2026-02-15,"2026-01-30 14:25:08",78,,,,,,0
157,20,2026-01-26,Sale,89873,0,"Sale #79 Updated - 1 item remaining",2026-02-15,"2026-01-30 15:07:11",79,,,,,,0
158,34,2026-01-29,Payment,0,19430,"Payment Received: ",,"2026-01-30 15:09:00",,,,Cash,,,0
159,55,2026-01-29,Payment,0,30000,"Payment Received: ",,"2026-01-30 15:13:20",,,,Cash,,,0
160,30,2026-01-28,Payment,0,5000,"Payment Received: ",,"2026-01-30 15:14:28",,,,Cash,,,0
161,3,2026-01-28,Payment,0,3500,"Payment Received: ",,"2026-01-30 15:18:19",,,,Cash,,,0
162,34,2026-01-30,Payment,0,4000,"Payment Received: ",,"2026-01-30 15:18:53",,,,Cash,,,0
163,3,2026-01-29,Payment,0,6500,"Payment Received: ",,"2026-01-30 15:19:16",,,,Cash,,,0
164,35,2026-01-29,Payment,0,5000,"Payment Received: ",,"2026-01-30 15:19:40",,,,Cash,,,0
165,49,2026-01-29,Payment,0,10000,"Payment Received: ",,"2026-01-30 15:19:58",,,,Cash,,,0
166,66,2026-01-21,Payment,0,25500,"Payment Received: sman k badly saman lya",,"2026-01-30 15:42:37",,,,Cash,,,0
167,61,2026-01-30,Payment,0,4400,"Payment Received: ",,"2026-01-30 15:45:46",,,,Cash,,,0
168,43,2026-01-30,Payment,0,15000,"Payment Received: ",,"2026-01-30 15:46:20",,,,Cash,,,0
169,20,2026-01-30,Payment,0,32000,"Payment Received: ",,"2026-01-30 15:47:22",,,,Cash,,,0
170,20,2026-01-30,Payment,0,18000,"Payment Received: ",,"2026-01-30 15:47:53",,,,Cash,,,0
171,69,2026-01-30,Sale,5450,5450,"Sale #80",,"2026-01-30 17:28:19",80,,,,,,0
172,4,2026-01-30,Sale,32020,0,"Sale #81 Updated - ",2026-02-15,"2026-01-30 17:34:27",81,,,,,,0
173,32,2026-01-30,Sale,25480,0,"Sale #82 Updated - ",2026-02-15,"2026-01-30 17:37:34",82,,,,,,0
174,46,2026-01-30,Sale,170922,0,"Sale #83 Updated - ",2026-02-15,"2026-01-30 17:50:18",83,,,,,,0
175,12,2026-01-30,Sale,77800,0,"Sale #84 Updated - ",2026-02-15,"2026-01-30 17:57:16",84,,,,,,0
176,32,2026-01-31,Payment,0,60000,"Payment Received: ",,"2026-02-02 03:12:27",,,,Cash,,,0
177,4,2026-01-31,Payment,0,32000,"Payment Received: ",,"2026-02-02 03:13:33",,,,Cash,,,0
178,3,2026-01-31,Payment,0,5500,"Payment Received: ",,"2026-02-02 03:14:18",,,,Cash,,,0
179,30,2026-01-31,Payment,0,5000,"Payment Received: ",,"2026-02-02 03:14:49",,,,Cash,,,0
180,17,2026-01-31,Payment,0,50000,"Payment Received: ",,"2026-02-02 03:20:57",,,,Cash,,,0
181,46,2026-02-01,Payment,0,15000,"Payment Received: ",,"2026-02-02 03:22:32",,,,Cash,,,0
182,59,2026-01-31,Sale,11000,0,"Sale #85",2026-03-15,"2026-02-02 17:42:21",85,,,,,,0
183,43,2026-01-31,Sale,4530,0,"Sale #86 Updated - ",2026-02-15,"2026-02-02 17:48:09",86,,,,,,0
184,39,2026-01-31,Sale,12124,0,"Sale #87",2026-02-15,"2026-02-02 17:49:42",87,,,,,,0
185,35,2026-01-31,Sale,13020,0,"Sale #88 Updated - ",2026-02-15,"2026-02-02 17:56:44",88,,,,,,0
186,32,2026-01-31,Sale,103380,0,"Sale #89 Updated - ",2026-02-15,"2026-02-02 18:04:25",89,,,,,,0
187,18,2026-02-02,Payment,0,50000,"Payment Received: ",,"2026-02-02 18:08:46",,,,Cash,,,0
188,58,2026-02-02,Payment,0,70000,"Payment Received: ",,"2026-02-02 18:11:06",,,,Cash,,,0
189,40,2026-02-02,Payment,0,30000,"Payment Received: ",,"2026-02-02 18:12:32",,,,Cash,,,0
190,29,2026-02-02,Payment,0,8000,"Payment Received: ",,"2026-02-02 18:12:56",,,,Cash,,,0
191,16,2026-02-02,Payment,0,50000,"Payment Received: ",,"2026-02-02 18:13:23",,,,Cash,,,0
192,54,2026-02-02,Payment,0,50000,"Payment Received: ",,"2026-02-02 18:13:52",,,,Cash,,,0
193,55,2026-02-02,Payment,0,20000,"Payment Received: ",,"2026-02-02 18:14:18",,,,Cash,,,0
194,35,2026-01-31,Payment,0,10000,"Payment Received: ",,"2026-02-02 18:15:06",,,,Cash,,,0
195,3,2026-01-31,Payment,0,5000,"Payment Received: ",,"2026-02-02 18:15:43",,,,Cash,,,0
196,31,2026-02-02,Payment,0,20000,"Payment Received: ",,"2026-02-02 18:16:18",,,,Cash,,,0
197,13,2026-02-02,Payment,0,40000,"Payment Received: ",,"2026-02-02 18:17:24",,,,Cash,,,0
198,46,2026-02-02,Payment,0,15000,"Payment Received: ",,"2026-02-03 14:12:02",,,,Cash,,,0
199,56,2026-02-01,Payment,0,50000,"Payment Received: ",,"2026-02-03 14:12:58",,,,Cash,,,0
200,3,2026-02-01,Payment,0,6000,"Payment Received: ",,"2026-02-03 14:13:37",,,,Cash,,,0
201,35,2026-02-01,Payment,0,5000,"Payment Received: ",,"2026-02-03 14:13:59",,,,Cash,,,0
202,30,2026-02-01,Payment,0,5000,"Payment Received: ",,"2026-02-03 14:14:21",,,,Cash,,,0
203,43,2026-02-03,Payment,0,15000,"Payment Received: ",,"2026-02-03 14:15:01",,,,Cash,,,0
205,61,2026-02-03,Sale,1210,0,"Sale #91",2026-02-20,"2026-02-03 15:39:45",91,,,,,,0
206,61,2026-02-03,Sale,9734,0,"Sale #92 Updated - ",2026-02-15,"2026-02-03 16:25:45",92,,,,,,0
207,43,2026-02-03,Sale,9335,0,"Sale #93 Updated - ",2026-02-20,"2026-02-03 16:33:24",93,,,,,,0
208,9,2026-02-03,Sale,80798,0,"Sale #94 Updated - ",2026-02-20,"2026-02-03 16:38:58",94,,,,,,0
209,38,2026-02-02,Sale,32080,0,"Sale #95",2026-02-20,"2026-02-03 16:45:22",95,,,,,,0
210,66,2026-01-21,Sale,25500,0,"Sale #96 Updated - ",2026-02-20,"2026-02-03 16:53:46",96,,,,,,0
211,48,2026-02-03,Sale,55060,0,"Sale #97",2026-02-20,"2026-02-03 17:04:28",97,,,,,,0
212,18,2026-02-03,Sale,15000,0,"Sale #98",2026-02-20,"2026-02-03 17:06:35",98,,,,,,0
213,49,2026-02-03,Payment,0,5000,"Payment Received: ",,"2026-02-03 17:12:57",,,,Cash,,,0
214,37,2026-02-03,Sale,29140,29140,"Sale #99 Updated - ",,"2026-02-03 17:15:57",99,,,,,,0
215,70,2026-02-02,Sale,56160,0,"Sale #100",2026-02-20,"2026-02-04 09:00:49",100,,,,,,0
216,3,2026-02-02,Sale,31278,0,"Sale #101",2026-02-20,"2026-02-04 09:21:23",101,,,,,,0
217,40,2026-02-02,Sale,48958,0,"Sale #102 Updated - ",2026-02-20,"2026-02-04 09:25:32",102,,,,,,0
218,29,2026-02-02,Sale,27000,0,"Sale #103 Updated - ",2026-01-25,"2026-02-04 09:30:06",103,,,,,,0
219,32,2026-02-02,Sale,21800,0,"Sale #104",2026-02-20,"2026-02-04 09:37:01",104,,,,,,0
220,10,2026-02-02,Sale,31200,0,"Sale #105",2026-02-20,"2026-02-04 09:38:54",105,,,,,,0
221,18,2026-02-02,Sale,5500,0,"Sale #106",2026-02-20,"2026-02-04 09:40:21",106,,,,,,0
222,17,2026-02-02,Sale,49800,0,"Sale #107 Updated - ",2026-02-20,"2026-02-04 09:48:56",107,,,,,,0
223,44,2026-02-02,Sale,68278,0,"Sale #108 Updated - ",2026-02-20,"2026-02-04 09:55:18",108,,,,,,0
224,8,2026-02-02,Sale,102020,0,"Sale #109 Updated - ",2026-02-20,"2026-02-04 10:13:24",109,,,,,,0
225,71,2026-01-30,Sale,112123,0,"Sale #110 Updated - t0tal bill me farq hy 112067 hy yaha change hy",2026-02-20,"2026-02-04 11:29:21",110,,,,,,0
226,9,2026-02-04,Payment,0,50000,"Payment Received: ",,"2026-02-04 12:50:46",,,,Cash,,,0
227,3,2026-02-04,Payment,0,4500,"Payment Received: ",,"2026-02-04 12:51:10",,,,Cash,,,0
228,35,2026-02-04,Payment,0,5000,"Payment Received: ",,"2026-02-04 12:51:29",,,,Cash,,,0
229,26,2026-02-04,Payment,0,13000,"Payment Received: ",,"2026-02-04 12:52:32",,,,Cash,,,0
230,53,2026-01-24,Debt,332305,0,"Previous Debt: udhar",2026-02-20,"2026-02-04 13:01:09",,,,,,,0
231,56,2026-01-25,Debt,434320,0,"Previous Debt: Aj Tk ka udhar",2026-02-20,"2026-02-04 13:06:03",,,,,,,0
232,19,2026-02-04,Payment,0,20000,"Payment Received: ",,"2026-02-04 13:15:34",,,,Cash,,,0
233,58,2026-01-27,Payment,0,100000,"Payment Received: advance",,"2026-02-04 13:20:53",,,,Cash,,,0
234,45,2026-02-05,Sale,87724,0,"Sale #111 Updated - ",2026-02-25,"2026-02-05 16:06:41",111,,,,,,0
235,43,2026-02-05,Sale,5680,0,"Sale #112 Updated - ",2026-02-25,"2026-02-05 16:12:36",112,,,,,,0
236,72,2026-02-05,Sale,180,180,"Sale #113",,"2026-02-05 16:13:49",113,,,,,,0
237,11,2026-02-04,Sale,4875,0,"Sale #114",2026-02-25,"2026-02-05 16:16:24",114,,,,,,0
238,73,2026-02-04,Sale,57120,0,"Sale #115 Updated - ",2026-02-25,"2026-02-05 16:19:05",115,,,,,,0
239,61,2026-02-04,Sale,15141,0,"Sale #116 Updated - ",2026-02-15,"2026-02-05 16:50:26",116,,,,,,0
240,53,2026-02-05,Sale,135690,0,"Sale #117 Updated - ",2026-02-25,"2026-02-05 16:58:41",117,,,,,,0
241,30,2026-02-05,Sale,57760,0,"Sale #118 Updated - ",2026-02-25,"2026-02-05 17:19:37",118,,,,,,0
242,35,2026-02-05,Sale,19020,0,"Sale #119 Updated - ",2026-02-25,"2026-02-05 17:21:52",119,,,,,,0
243,35,2026-02-05,Sale,8000,0,"Sale #120",2026-02-25,"2026-02-05 17:23:09",120,,,,,,0
244,27,2026-02-05,Sale,15284,0,"Sale #121 Updated - ",2026-02-20,"2026-02-05 17:31:45",121,,,,,,0
245,66,2026-02-05,Sale,75260,0,"Sale #122",2026-02-20,"2026-02-05 17:34:31",122,,,,,,0
246,43,2026-02-05,Sale,43620,0,"Sale #123 Updated - ",2026-02-20,"2026-02-05 17:40:12",123,,,,,,0
247,57,2026-02-04,Payment,0,25000,"Payment Received: ",,"2026-02-06 12:14:31",,,,Online,,,0
248,58,2026-02-04,Payment,0,30000,"Payment Received: ",,"2026-02-06 12:15:17",,,,Cash,,,0
249,43,2026-02-04,Payment,0,15000,"Payment Received: ",,"2026-02-06 12:15:54",,,,Cash,,,0
250,62,2026-02-04,Payment,0,19100,"Payment Received: ",,"2026-02-06 12:16:57",,,,Cash,,,0
251,61,2026-02-04,Payment,0,9500,"Payment Received: ",,"2026-02-06 12:17:33",,,,Cash,,,0
252,28,2026-02-04,Payment,0,23220,"Payment Received: ",,"2026-02-06 12:19:14",,,,Online,,,0
253,46,2026-02-04,Payment,0,15000,"Payment Received: ",,"2026-02-06 12:20:15",,,,Online,,,0
254,53,2026-02-05,Payment,0,10000,"Payment Received: ",,"2026-02-06 12:21:02",,,,Online,,,0
255,32,2026-02-05,Payment,0,50000,"Payment Received: ",,"2026-02-06 12:22:00",,,,Online,,,0
256,58,2026-02-05,Payment,0,50000,"Payment Received: ",,"2026-02-06 12:22:55",,,,Online,,,0
257,35,2026-02-05,Payment,0,5000,"Payment Received: ",,"2026-02-06 12:38:25",,,,Cash,,,0
258,35,2026-02-06,Payment,0,10000,"Payment Received: ",,"2026-02-06 12:38:46",,,,Cash,,,0
259,53,2026-02-06,Payment,0,90000,"Payment Received: ",,"2026-02-06 12:39:24",,,,Cash,,,0
260,45,2026-02-06,Payment,0,80000,"Payment Received: ",,"2026-02-06 12:40:04",,,,Cash,,,0
261,27,2026-02-06,Payment,0,15250,"Payment Received: ",,"2026-02-06 12:40:38",,,,Cash,,,0
262,30,2026-02-06,Payment,0,5000,"Payment Received: ",,"2026-02-06 12:40:59",,,,Cash,,,0
263,3,2026-02-06,Payment,0,8000,"Payment Received: ",,"2026-02-06 12:41:30",,,,Cash,,,0
264,43,2026-02-05,Payment,0,15000,"Payment Received: ",,"2026-02-06 12:42:13",,,,Cash,,,0
265,48,2026-02-06,Payment,0,150000,"Payment Received: ",,"2026-02-06 12:43:29",,,,Cash,,,0
266,71,2026-02-04,Sale,40874,0,"Sale #124 Updated - Blade pro or uk mn 50 50 rupees extra lgaye hen or lahori kit retrun hoge he",2026-02-28,"2026-02-06 14:14:40",124,,,,,,0
267,1,2026-02-05,Sale,291200,0,"Sale #125 Updated - ",2026-02-28,"2026-02-06 14:48:06",125,,,,,,0
268,19,2026-02-06,Payment,0,49000,"Payment Received: ",,"2026-02-06 14:50:47",,,,Online,,,0
269,20,2026-02-06,Payment,0,25000,"Payment Received: ",,"2026-02-06 14:51:37",,,,Online,,,0
270,74,2026-02-06,Sale,26520,0,"Sale #126 Updated - ",2026-02-28,"2026-02-06 15:17:53",126,,,,,,0
271,40,2026-02-06,Payment,0,10000,"Payment Received: ",,"2026-02-06 15:19:16",,,,Online,,,0
272,45,2026-02-06,Payment,0,4000,"Payment Received: ",,"2026-02-07 14:38:55",,,,Online,,,0
273,46,2026-02-06,Payment,0,15000,"Payment Received: ",,"2026-02-07 14:39:39",,,,Online,,,0
274,35,2026-02-07,Payment,0,18250,"Payment Received: ",,"2026-02-07 14:40:31",,,,Cash,,,0
275,3,2026-02-07,Payment,0,8000,"Payment Received: ",,"2026-02-07 14:40:56",,,,Cash,,,0
276,43,2026-02-07,Payment,0,15000,"Payment Received: ",,"2026-02-07 14:41:18",,,,Cash,,,0
277,20,2026-02-07,Payment,0,25000,"Payment Received: ",,"2026-02-07 14:41:47",,,,Cash,,,0
278,61,2026-02-07,Payment,0,13000,"Payment Received: ",,"2026-02-07 14:42:08",,,,Cash,,,0
279,25,2026-02-06,Payment,0,10000,"Payment Received: ",,"2026-02-07 14:43:01",,,,Online,,,0
280,25,2026-02-07,Payment,0,2000,"Payment Received: ",,"2026-02-07 14:43:49",,,,Cash,,,0
281,31,2026-02-07,Payment,0,20000,"Payment Received: ",,"2026-02-07 15:07:15",,,,Online,,,0
282,25,2026-02-07,Sale,28540,0,"Sale #127 Updated - ",2026-02-28,"2026-02-07 16:02:08",127,,,,,,0
283,56,2026-02-07,Sale,16000,0,"Sale #128",2026-02-28,"2026-02-07 16:06:34",128,,,,,,0
284,43,2026-02-07,Sale,2220,0,"Sale #129 Updated - ",2026-02-28,"2026-02-07 16:09:04",129,,,,,,0
285,9,2026-02-07,Sale,40050,0,"Sale #130",2026-02-28,"2026-02-07 16:15:04",130,,,,,,0
286,32,2026-02-07,Sale,34080,0,"Sale #131 Updated - ",2026-02-28,"2026-02-07 16:17:38",131,,,,,,0
287,43,2026-02-07,Sale,32770,0,"Sale #132 Updated - ",2026-02-28,"2026-02-07 16:20:40",132,,,,,,0
288,28,2026-02-07,Sale,38310,0,"Sale #133 Updated - ",2026-02-28,"2026-02-07 16:27:10",133,,,,,,0
289,32,2026-02-06,Payment,0,30240,"Payment Received: Panja brush purchase 72 dz",,"2026-02-07 16:57:17",,,,Cash,,,0
290,57,2026-02-07,Sale,33840,0,"Sale #134",2026-02-28,"2026-02-07 17:10:12",134,,,,,,0
291,39,2026-02-08,Payment,0,23000,"Payment Received: ",,"2026-02-09 17:13:52",,,,Online,,,0
292,61,2026-02-07,Payment,0,10000,"Payment Received: ",,"2026-02-09 17:14:43",,,,Cash,,,0
293,9,2026-02-07,Payment,0,50000,"Payment Received: ",,"2026-02-09 17:15:14",,,,Cash,,,0
294,3,2026-02-07,Payment,0,5000,"Payment Received: ",,"2026-02-09 17:15:46",,,,Cash,,,0
295,35,2026-02-07,Payment,0,5000,"Payment Received: ",,"2026-02-09 17:16:13",,,,Cash,,,0
296,30,2026-02-07,Payment,0,10000,"Payment Received: ",,"2026-02-09 17:16:40",,,,Cash,,,0
297,58,2026-02-09,Payment,0,150000,"Payment Received: ",,"2026-02-09 17:17:54",,,,Cash,,,0
298,8,2026-02-09,Payment,0,100000,"Payment Received: ",,"2026-02-09 17:18:38",,,,Cash,,,0
299,23,2026-02-09,Payment,0,44000,"Payment Received: ",,"2026-02-09 17:19:16",,,,Cash,,,0
300,34,2026-02-09,Payment,0,200000,"Payment Received: ",,"2026-02-09 17:20:41",,,,Cash,,,0
301,40,2026-02-09,Payment,0,30000,"Payment Received: ",,"2026-02-09 17:21:51",,,,Online,,,0
302,54,2026-02-09,Sale,50000,0,"Sale #135",2026-02-28,"2026-02-09 17:24:54",135,,,,,,0
304,56,2026-02-09,Sale,18000,0,"Sale #137",2026-02-28,"2026-02-09 17:27:31",137,,,,,,0
305,75,2026-02-09,Sale,16500,0,"Sale #138",2026-02-28,"2026-02-09 17:30:07",138,,,,,,0
306,35,2026-02-09,Sale,49750,0,"Sale #139 Updated - 50 rupy extra lgye hen blade mn",2026-02-28,"2026-02-09 17:43:14",139,,,,,,0
307,76,2026-02-07,Sale,157080,0,"Sale #140 Updated - 2nd bill attached",2026-02-28,"2026-02-09 17:54:51",140,,,,,,0
308,76,2026-02-07,Sale,493090,0,"Sale #141 Updated - ",2026-03-15,"2026-02-09 18:16:52",141,,,,,,0
309,43,2026-02-06,Sale,2845,0,"Sale #142 Updated - ",2026-02-28,"2026-02-09 18:19:30",142,,,,,,0
310,3,2026-02-07,Sale,18680,0,"Sale #143",2026-02-28,"2026-02-09 18:21:29",143,,,,,,0
311,35,2026-02-09,Payment,0,10000,"Payment Received: ",,"2026-02-09 18:22:00",,,,Online,,,0
312,1,2026-01-25,Debt,188692,0,"Previous Debt: Udhar",2026-03-30,"2026-02-09 18:26:40",,,,Cash,,,0
313,43,2026-01-25,Debt,220928,0,"Previous Debt: Udhar",2026-03-30,"2026-02-09 18:28:15",,,,Cash,,,0
314,77,2026-02-10,Sale,4094,4094,"Sale #144",,"2026-02-10 09:13:32",144,,,,,,
315,78,2026-02-10,Sale,4680,4680,"Sale #145",,"2026-02-10 09:20:22",145,,,,,,
316,43,2026-02-10,Sale,3310,0,"Sale #146",2026-02-26,"2026-02-10 09:23:24",146,,,,,,
317,35,2026-02-10,Payment,0,25000,"Payment Received: ",,"2026-02-11 16:56:19",,,,Online,,,0
318,33,2026-02-10,Payment,0,10000,"Payment Received: ",,"2026-02-11 16:56:57",,,,Online,,,0
319,61,2026-02-09,Payment,0,14000,"Payment Received: ",,"2026-02-11 16:57:44",,,,Cash,,,0
320,30,2026-02-09,Payment,0,10000,"Payment Received: ",,"2026-02-11 16:58:24",,,,Cash,,,0
321,3,2026-02-09,Payment,0,7000,"Payment Received: ",,"2026-02-11 16:59:08",,,,Cash,,,0
322,35,2026-02-09,Payment,0,8000,"Payment Received: ",,"2026-02-11 16:59:37",,,,Cash,,,0
323,56,2026-02-09,Payment,0,20000,"Payment Received: ",,"2026-02-11 17:00:00",,,,Cash,,,0
324,54,2026-02-09,Payment,0,50000,"Payment Received: ",,"2026-02-11 17:00:22",,,,Cash,,,0
325,43,2026-02-10,Payment,0,15000,"Payment Received: ",,"2026-02-11 17:01:21",,,,Online,,,0
326,46,2026-02-11,Payment,0,15000,"Payment Received: ",,"2026-02-11 17:02:22",,,,Online,,,0
327,71,2026-02-12,Return,0,2100,"Return from Sale #124 - ",,"2026-02-12 08:13:37",124,,,,,1,
328,71,2026-02-12,Return,0,200,"Return from Sale #110 - ",,"2026-02-12 08:15:30",110,,,,,2,
329,9,2026-02-10,Sale,85720,0,"Sale #147 Updated - ",2026-02-28,"2026-02-13 09:05:17",147,,,,,,
330,12,2026-02-10,Sale,73770,0,"Sale #148 Updated - ",2026-02-28,"2026-02-13 09:13:25",148,,,,,,
331,20,2026-02-07,Sale,69010,0,"Sale #149",2026-02-27,"2026-02-13 09:25:39",149,,,,,,
332,20,2026-02-07,Sale,55260,0,"Sale #150 Updated - ",2026-02-27,"2026-02-13 09:38:43",150,,,,,,
333,40,2026-02-10,Sale,27950,0,"Sale #151 Updated - ",2026-02-24,"2026-02-13 09:42:19",151,,,,,,
334,79,2026-02-10,Sale,17280,0,"Sale #152",2026-02-28,"2026-02-13 11:04:29",152,,,,,,
335,80,2026-02-10,Sale,68000,0,"Sale #153",2026-02-28,"2026-02-13 11:05:45",153,,,,,,
336,39,2026-02-10,Sale,16500,0,"Sale #154",2026-02-28,"2026-02-13 11:06:44",154,,,,,,
337,34,2026-02-09,Sale,136070,0,"Sale #155 Updated - ",2026-02-28,"2026-02-13 11:28:49",155,,,,,,
338,61,2026-02-07,Sale,25610,0,"Sale #156 Updated - Shaving brush entry",2026-02-15,"2026-02-13 11:46:14",156,,,,,,
339,58,2026-02-10,Sale,45000,0,"Sale #157",2026-02-28,"2026-02-13 11:48:25",157,,,,,,
340,10,2026-02-09,Sale,52000,0,"Sale #158",2026-02-28,"2026-02-13 11:49:30",158,,,,,,
341,16,2026-02-10,Sale,116400,0,"Sale #159",2026-02-28,"2026-02-13 11:51:16",159,,,,,,
342,60,2026-02-09,Sale,29890,0,"Sale #160",2026-02-28,"2026-02-13 11:55:32",160,,,,,,
343,61,2026-02-09,Sale,11102,0,"Sale #161 Updated - ",2026-02-15,"2026-02-13 12:07:04",161,,,,,,
344,16,2026-02-10,Sale,43200,0,"Sale #162",2026-02-28,"2026-02-13 12:09:54",162,,,,,,
345,30,2026-02-10,Sale,30548,0,"Sale #163 Updated - ",2026-02-15,"2026-02-13 12:14:32",163,,,,,,
346,8,2026-02-10,Sale,800,0,"Sale #164",2026-02-28,"2026-02-13 12:18:29",164,,,,,,
347,58,2026-02-11,Sale,61480,0,"Sale #165",2026-02-28,"2026-02-13 12:24:37",165,,,,,,
348,43,2026-02-11,Sale,7620,0,"Sale #166 Updated - ",2026-02-28,"2026-02-13 12:28:58",166,,,,,,
349,81,2026-02-13,Sale,8290,8290,"Sale #167 Updated - 2 pc gillet remaing 100 rs",,"2026-02-13 12:38:06",167,,,,,,
350,3,2026-02-11,Payment,0,4000,"Payment Received: ",,"2026-02-13 12:42:00",,,,Cash,,,0
351,35,2026-02-11,Payment,0,5000,"Payment Received: ",,"2026-02-13 12:42:33",,,,Cash,,,0
352,30,2026-02-11,Payment,0,10000,"Payment Received: ",,"2026-02-13 12:43:09",,,,Cash,,,0
353,24,2026-02-11,Payment,0,50000,"Payment Received: ",,"2026-02-13 12:43:54",,,,Online,,,0
354,47,2026-02-11,Sale,9890,0,"Sale #168",2026-02-28,"2026-02-13 12:50:51",168,,,,,,
355,19,2026-02-07,Sale,102130,0,"Sale #169 Updated - ",2026-02-28,"2026-02-13 13:00:07",169,,,,,,
356,1,2026-02-10,Sale,208175,0,"Sale #170",2026-02-28,"2026-02-13 13:01:53",170,,,,,,
357,46,2026-02-12,Payment,0,15000,"Payment Received: ",,"2026-02-13 13:09:05",,,,Online,,,0
358,31,2026-02-12,Payment,0,30000,"Payment Received: ",,"2026-02-13 13:09:38",,,,Online,,,0
359,20,2026-02-13,Payment,0,20000,"Payment Received: ",,"2026-02-13 13:10:28",,,,Online,,,0
360,20,2026-02-13,Payment,0,30000,"Payment Received: ",,"2026-02-13 13:11:25",,,,Online,,,0
361,71,2026-02-13,Payment,0,40000,"Payment Received: ",,"2026-02-13 13:12:05",,,,Online,,,0
362,34,2026-02-10,Sale,13100,0,"Sale #171",2026-02-20,"2026-02-13 14:04:22",171,,,,,,
363,13,2026-02-10,Sale,130900,0,"Sale #172",2026-02-28,"2026-02-13 14:12:11",172,,,,,,
364,43,2026-02-04,Sale,4685,0,"Sale #173",2026-02-28,"2026-02-14 12:40:00",173,,,,,,
365,63,2026-01-30,Sale,26000,0,"Sale #174",2026-02-28,"2026-02-14 12:46:12",174,,,,,,
366,58,2026-01-26,Sale,496370,0,"Sale #175 Updated - ",2026-02-10,"2026-02-14 13:34:01",175,,,,,,
367,58,2026-01-30,Sale,40160,0,"Sale #176 Updated - ",2026-02-15,"2026-02-14 13:42:14",176,,,,,,
368,58,2026-02-02,Sale,53834,0,"Sale #177 Updated - ",2026-02-15,"2026-02-14 13:46:55",177,,,,,,
369,63,2026-02-14,Sale,51400,0,"Sale #178",2026-02-28,"2026-02-14 14:21:37",178,,,,,,
370,63,2026-02-14,Sale,52000,0,"Sale #179",2026-02-28,"2026-02-14 14:29:05",179,,,,,,
371,49,2026-02-11,Sale,390040,0,"Sale #180",2026-02-28,"2026-02-14 14:41:03",180,,,,,,
372,71,2026-02-12,Sale,23288,0,"Sale #181",2026-02-28,"2026-02-14 14:48:17",181,,,,,,
373,35,2026-02-12,Sale,38130,0,"Sale #182 Updated - ",2026-02-28,"2026-02-14 14:52:55",182,,,,,,
374,66,2026-02-12,Sale,50000,0,"Sale #183",2026-02-28,"2026-02-14 15:42:59",183,,,,,,
375,79,2026-02-13,Payment,0,130000,"Payment Received: ",,"2026-02-14 15:55:13",,,,Cash,,,0
376,43,2026-02-13,Payment,0,12500,"Payment Received: ",,"2026-02-14 15:56:35",,,,Cash,,,0
377,61,2026-02-13,Payment,0,9000,"Payment Received: ",,"2026-02-14 15:57:00",,,,Cash,,,0
378,30,2026-02-13,Payment,0,10000,"Payment Received: ",,"2026-02-14 15:57:20",,,,Cash,,,0
379,35,2026-02-13,Payment,0,5000,"Payment Received: ",,"2026-02-14 15:58:13",,,,Cash,,,0
380,3,2026-02-13,Payment,0,10000,"Payment Received: ",,"2026-02-14 15:59:23",,,,Cash,,,0
381,49,2026-02-13,Payment,0,7000,"Payment Received: ",,"2026-02-14 16:00:02",,,,Cash,,,0
382,49,2026-02-13,Payment,0,5000,"Payment Received: ",,"2026-02-14 16:01:00",,,,Online,,,0
383,32,2026-02-13,Payment,0,80000,"Payment Received: ",,"2026-02-14 16:01:30",,,,Online,,,0
384,26,2026-02-14,Payment,0,14500,"Payment Received: ",,"2026-02-14 16:02:16",,,,Online,,,0
385,43,2026-02-13,Payment,0,15000,"Payment Received: ",,"2026-02-14 16:08:42",,,,Cash,,,0
386,3,2026-02-13,Payment,0,5000,"Payment Received: ",,"2026-02-14 16:09:06",,,,Cash,,,0
387,35,2026-02-13,Payment,0,5000,"Payment Received: ",,"2026-02-14 16:09:27",,,,Cash,,,0
388,43,2026-02-14,Payment,0,15000,"Payment Received: ",,"2026-02-14 16:10:06",,,,Online,,,0
389,37,2026-02-14,Payment,0,17875,"Payment Received: 325 pc gel lya",,"2026-02-14 16:15:29",,,,Cash,,,0
390,62,2026-02-14,Payment,0,16535,"Payment Received: ",,"2026-02-14 16:41:00",,,,Online,,,0
391,31,2026-02-12,Sale,27000,0,"Sale #184",2026-02-27,"2026-02-15 08:55:35",184,,,,,,
392,9,2026-02-13,Sale,26000,0,"Sale #185",2026-02-27,"2026-02-15 08:56:50",185,,,,,,
393,46,2026-02-13,Sale,47790,0,"Sale #186",2026-02-27,"2026-02-15 09:01:33",186,,,,,,
394,62,2026-02-14,Sale,16535,0,"Sale #187",2026-02-27,"2026-02-15 09:12:08",187,,,,,,
395,26,2026-02-14,Payment,0,9500,"Payment Received: ",,"2026-02-15 17:03:32",,,,Online,,,0
396,44,2026-02-15,Payment,0,49500,"Payment Received: ",,"2026-02-15 17:04:12",,,,Online,,,0
397,37,2026-02-16,Payment,0,200000,"Payment Received: ",,"2026-02-16 11:30:59",,,,Cash,,,0
398,3,2026-02-16,Payment,0,5000,"Payment Received: ",,"2026-02-16 11:31:19",,,,Cash,,,0
399,30,2026-02-16,Payment,0,5000,"Payment Received: ",,"2026-02-16 11:31:39",,,,Cash,,,0
400,37,2026-02-14,Sale,209820,0,"Sale #189 Updated - ",2026-02-28,"2026-02-16 11:45:10",189,,,,,,
401,76,2026-02-13,Sale,18000,0,"Sale #190",2026-02-28,"2026-02-16 12:19:30",190,,,,,,
402,43,2026-02-13,Sale,5820,0,"Sale #191",2026-02-28,"2026-02-16 12:22:33",191,,,,,,
403,16,2026-02-16,Sale,11000,0,"Sale #192",2026-02-28,"2026-02-16 12:34:13",192,,,,,,
404,25,2026-02-16,Payment,0,62100,"Payment Received: 690 pc Maa g Powder lya",,"2026-02-16 12:55:45",,,,Cash,,,0
405,51,2026-02-16,Payment,0,70000,"Payment Received: ",,"2026-02-16 12:56:40",,,,Online,,,0
406,25,2026-02-16,Sale,13200,0,"Sale #193",2026-02-28,"2026-02-16 15:53:33",193,,,,,,
407,49,2026-02-13,Sale,144958,0,"Sale #194",2026-02-28,"2026-02-16 16:31:47",194,,,,,,
408,72,2026-02-16,Sale,3600,3600,"Sale #195",,"2026-02-17 05:45:51",195,,,,,,
409,8,2026-02-16,Sale,10260,0,"Sale #196",2026-02-28,"2026-02-17 06:07:19",196,,,,,,
410,8,2026-02-16,Sale,5500,5500,"Sale #197",,"2026-02-17 06:13:32",197,,,,,,
411,16,2026-02-16,Sale,6000,0,"Sale #198",2026-02-28,"2026-02-17 06:14:27",198,,,,,,
412,63,2026-02-17,Sale,1700,0,"Sale #199",2026-02-28,"2026-02-17 06:15:32",199,,,,,,
413,43,2026-02-14,Sale,107460,0,"Sale #200",2026-02-28,"2026-02-17 06:25:04",200,,,,,,
414,51,2026-02-16,Payment,0,49500,"Payment Received: ",,"2026-02-17 06:26:40",,,,Online,,,0
415,76,2026-02-16,Payment,0,10000,"Payment Received: ",,"2026-02-17 06:28:58",,,,Online,,,0
416,46,2026-02-16,Payment,0,20000,"Payment Received: ",,"2026-02-17 06:30:12",,,,Online,,,0
417,10,2026-02-17,Payment,0,50000,"Payment Received: ",,"2026-02-17 06:31:08",,,,Online,,,0
418,19,2026-02-17,Payment,0,35000,"Payment Received: ",,"2026-02-17 06:31:51",,,,Online,,,0
419,51,2026-02-16,Sale,203336,0,"Sale #201 Updated - ",2026-02-28,"2026-02-17 06:40:25",201,,,,,,
420,82,2026-02-03,Sale,262500,0,"Sale #202",2026-02-28,"2026-02-17 07:37:21",202,,,,,,
421,58,2026-02-17,Payment,0,100000,"Payment Received: ",,"2026-02-17 13:16:07",,,,Online,,,0
422,61,2026-02-17,Payment,0,8500,"Payment Received: ",,"2026-02-17 13:16:52",,,,Cash,,,0
423,3,2026-02-17,Payment,0,6000,"Payment Received: ",,"2026-02-17 13:17:25",,,,Cash,,,0
424,30,2026-02-17,Payment,0,5000,"Payment Received: ",,"2026-02-17 13:17:45",,,,Cash,,,0
425,35,2026-02-17,Payment,0,5000,"Payment Received: ",,"2026-02-17 13:18:03",,,,Cash,,,0
426,56,2026-02-17,Payment,0,28000,"Payment Received: ",,"2026-02-17 13:18:31",,,,Cash,,,0
427,31,2026-02-17,Payment,0,15000,"Payment Received: ",,"2026-02-17 13:18:58",,,,Cash,,,0
428,43,2026-02-17,Payment,0,15000,"Payment Received: ",,"2026-02-17 13:19:57",,,,Online,,,0
429,66,2026-02-17,Payment,0,50000,"Payment Received: ",,"2026-02-17 13:21:39",,,,Cash,,,0
430,16,2026-02-17,Payment,0,100000,"Payment Received: ",,"2026-02-17 13:23:04",,,,Cash,,,0
431,16,2026-02-14,Sale,192000,0,"Sale #203",2026-02-28,"2026-02-17 13:25:14",203,,,,,,
432,79,2026-02-14,Sale,94826,0,"Sale #204 Updated - ",2026-02-15,"2026-02-17 13:41:25",204,,,,,,
433,56,2026-02-14,Sale,25000,0,"Sale #205",2026-02-28,"2026-02-17 14:05:06",205,,,,,,
434,63,2026-02-14,Sale,51400,0,"Sale #206",2026-02-28,"2026-02-17 14:06:37",206,,,,,,
435,43,2026-02-14,Sale,1670,0,"Sale #207",2026-02-28,"2026-02-17 14:08:49",207,,,,,,
436,63,2026-02-14,Sale,52000,0,"Sale #208",2026-02-28,"2026-02-17 14:09:56",208,,,,,,
437,45,2026-02-17,Sale,89688,0,"Sale #209 Updated - ",2026-02-28,"2026-02-17 19:25:35",209,,,,,,
438,4,2026-02-17,Sale,36686,0,"Sale #210",2026-02-28,"2026-02-17 19:32:14",210,,,,,,
439,35,2026-02-17,Sale,11535,0,"Sale #211 Updated - ",2026-02-15,"2026-02-17 19:41:12",211,,,,,,
440,23,2026-02-14,Sale,152680,0,"Sale #212 Updated - ",2026-03-10,"2026-02-18 08:07:19",212,,,,,,
441,19,2026-02-14,Sale,45850,0,"Sale #213 Updated - ",2026-02-28,"2026-02-18 08:14:07",213,,,,,,
442,3,2026-02-17,Sale,91440,0,"Sale #214 Updated - ",2026-02-28,"2026-02-18 09:52:19",214,,,,,,
443,61,2026-02-14,Sale,7735,0,"Sale #215",2026-02-28,"2026-02-18 12:27:23",215,,,,,,
444,8,2026-02-17,Sale,1440,1440,"Sale #216",,"2026-02-18 14:06:16",216,,,,,,
445,32,2026-02-17,Sale,93200,0,"Sale #217",2026-02-28,"2026-02-18 14:09:10",217,,,,,,
446,9,2026-02-17,Payment,0,100000,"Payment Received: ",,"2026-02-18 14:09:52",,,,Online,,,0
447,46,2026-02-17,Payment,0,20000,"Payment Received: ",,"2026-02-18 14:10:32",,,,Online,,,0
448,43,2026-02-18,Payment,0,3500,"Payment Received: ",,"2026-02-18 18:30:30",,,,Online,,,0
449,42,2026-02-18,Payment,0,2500,"Payment Received: ",,"2026-02-18 18:33:36",,,,Online,,,0
450,45,2026-02-18,Payment,0,89790,"Payment Received: ",,"2026-02-18 18:34:10",,,,Cash,,,0
451,55,2026-02-18,Payment,0,10000,"Payment Received: ",,"2026-02-18 18:34:32",,,,Cash,,,0
452,31,2026-02-18,Payment,0,12000,"Payment Received: ",,"2026-02-18 18:34:51",,,,Cash,,,0
453,18,2026-02-18,Payment,0,36000,"Payment Received: ",,"2026-02-18 18:35:32",,,,Cash,,,0
454,63,2026-02-18,Payment,0,60560,"Payment Received: ",,"2026-02-18 18:35:59",,,,Cash,,,0
455,56,2026-02-18,Payment,0,15000,"Payment Received: ",,"2026-02-18 18:36:19",,,,Cash,,,0
456,3,2026-02-18,Payment,0,10000,"Payment Received: ",,"2026-02-18 18:36:42",,,,Cash,,,0
457,30,2026-02-18,Payment,0,10000,"Payment Received: ",,"2026-02-18 18:37:03",,,,Cash,,,0
458,42,2026-02-18,Sale,36490,36490,"Sale #218 Updated - ",,"2026-02-18 19:27:17",218,,,,,,
459,44,2026-02-19,Payment,0,100000,"Payment Received: ",,"2026-02-19 09:48:16",,,,Online,,,0
460,72,2026-02-18,Sale,2887,2887,"Sale #219 Updated - ",,"2026-02-19 10:09:28",219,,,,,,
461,61,2026-02-16,Sale,1790,0,"Sale #220",2026-02-28,"2026-02-19 11:16:25",220,,,,,,
462,61,2026-02-16,Sale,2020,0,"Sale #221 Updated - ",2026-02-15,"2026-02-19 12:19:39",221,,,,,,
463,61,2026-02-16,Sale,1790,0,"Sale #222",2026-02-28,"2026-02-19 17:57:01",222,,,,,,
464,83,2026-02-17,Sale,27840,0,"Sale #223 Updated - Nadir Pathan boltan",2026-02-28,"2026-02-19 18:17:35",223,,,,,,
465,43,2026-02-17,Sale,3115,0,"Sale #224 Updated - ",2026-02-15,"2026-02-19 18:30:24",224,,,,,,
466,27,2026-02-17,Sale,5035,5035,"Sale #225",,"2026-02-19 18:39:27",225,,,,,,
467,31,2026-02-17,Sale,23400,0,"Sale #226",2026-02-28,"2026-02-19 18:41:41",226,,,,,,
468,83,2026-02-18,Sale,52000,0,"Sale #227",2026-02-28,"2026-02-20 07:28:06",227,,,,,,
469,58,2026-02-18,Sale,148052,0,"Sale #228 Updated - ",2026-02-15,"2026-02-20 07:42:17",228,,,,,,
470,16,2026-02-18,Sale,31960,0,"Sale #229",2026-02-28,"2026-02-20 07:51:11",229,,,,,,
471,8,2026-02-18,Sale,1150,1150,"Sale #230",,"2026-02-20 07:52:00",230,,,,,,
472,9,2026-02-19,Sale,65040,0,"Sale #231",2026-02-28,"2026-02-20 07:53:57",231,,,,,,
473,49,2026-02-19,Sale,65860,0,"Sale #232",2026-02-28,"2026-02-20 08:22:44",232,,,,,,
474,49,2026-02-19,Sale,72110,0,"Sale #233 Updated - ",2026-02-15,"2026-02-20 08:45:11",233,,,,,,
475,34,2026-02-19,Sale,121445,0,"Sale #234",2026-02-28,"2026-02-20 09:02:24",234,,,,,,
476,84,2026-02-18,Sale,117120,0,"Sale #235",2026-02-28,"2026-02-20 09:10:57",235,,,,,,
477,61,2026-02-12,Sale,12175,0,"Sale #236 Updated - ",2026-02-15,"2026-02-20 09:17:33",236,,,,,,
478,61,2026-02-18,Sale,18358,0,"Sale #237 Updated - ",2026-02-15,"2026-02-20 09:33:47",237,,,,,,
479,61,2026-02-20,Return,0,4800,"Return from Sale #156 - 3 apple retrun origionl",,"2026-02-20 09:35:31",156,,,,,3,
480,3,2026-02-18,Sale,1800,0,"Sale #238",2026-02-28,"2026-02-20 09:36:43",238,,,,,,
481,69,2026-02-18,Sale,2400,2400,"Sale #239",,"2026-02-20 09:37:48",239,,,,,,
482,38,2026-02-13,Payment,0,15000,"Payment Received: ",,"2026-02-20 09:40:11",,,,Online,,,0
483,38,2026-02-19,Payment,0,15000,"Payment Received: ",,"2026-02-20 09:40:41",,,,Online,,,0
484,53,2026-02-20,Payment,0,100000,"Payment Received: ",,"2026-02-20 09:41:22",,,,Cash,,,0
485,37,2026-02-20,Payment,0,25000,"Payment Received: ",,"2026-02-20 14:07:35",,,,Online,,,0
486,42,2026-02-20,Payment,0,34000,"Payment Received: ",,"2026-02-21 07:42:32",,,,Cash,,,0
487,3,2026-02-20,Payment,0,7000,"Payment Received: ",,"2026-02-21 07:43:00",,,,Cash,,,0
488,35,2026-02-20,Payment,0,5000,"Payment Received: ",,"2026-02-21 07:44:11",,,,Cash,,,0
489,30,2026-02-20,Payment,0,5000,"Payment Received: ",,"2026-02-21 07:44:55",,,,Cash,,,0
490,43,2026-02-20,Payment,0,7500,"Payment Received: ",,"2026-02-21 07:45:25",,,,Cash,,,0
491,27,2026-02-20,Payment,0,5050,"Payment Received: ",,"2026-02-21 07:46:10",,,,Cash,,,0
492,37,2026-02-21,Payment,0,35000,"Payment Received: ",,"2026-02-21 07:49:42",,,,Cash,,,0
493,43,2026-02-20,Payment,0,10000,"Payment Received: ",,"2026-02-21 07:50:09",,,,Cash,,,0
494,85,2026-02-20,Sale,6850,6850,"Sale #240 Updated - 46 rs color brush remaining",,"2026-02-21 09:11:16",240,,,,,,
495,86,2026-02-20,Sale,6035,6035,"Sale #241 Updated - ",,"2026-02-21 10:04:35",241,,,,,,
496,71,2026-02-21,Sale,41750,0,"Sale #242 Updated - ",2026-02-28,"2026-02-22 08:12:03",242,,,,,,
497,18,2026-02-21,Sale,20810,0,"Sale #243",2026-03-04,"2026-02-22 08:15:52",243,,,,,,
498,39,2026-02-21,Sale,37880,0,"Sale #244",2026-03-04,"2026-02-22 08:19:05",244,,,,,,
499,41,2026-02-21,Sale,74450,0,"Sale #245 Updated - ",2026-03-05,"2026-02-22 08:32:31",245,,,,,,
500,43,2026-02-21,Sale,990,0,"Sale #246",2026-03-04,"2026-02-22 08:34:20",246,,,,,,
501,12,2026-02-21,Sale,103100,0,"Sale #247",2026-03-04,"2026-02-22 08:42:31",247,,,,,,
502,83,2026-02-22,Sale,46800,0,"Sale #248",2026-03-04,"2026-02-22 08:44:40",248,,,,,,
503,56,2026-02-21,Sale,37500,0,"Sale #249",2026-03-04,"2026-02-22 08:47:54",249,,,,,,
504,16,2026-02-21,Sale,13000,0,"Sale #250",2026-03-04,"2026-02-22 08:49:58",250,,,,,,
505,35,2026-02-21,Sale,7700,0,"Sale #251",2026-03-04,"2026-02-22 08:51:45",251,,,,,,
506,30,2026-02-21,Sale,46350,0,"Sale #252 Updated - ",2026-03-01,"2026-02-22 08:58:53",252,,,,,,
507,37,2026-02-21,Sale,10317,0,"Sale #253 Updated - ",2026-03-01,"2026-02-22 09:06:27",253,,,,,,
508,43,2026-02-23,Payment,0,8000,"Payment Received: ",,"2026-02-23 09:46:38",,,,Cash,,,0
509,43,2026-02-23,Payment,0,8000,"Payment Received: ",,"2026-02-24 11:05:57",,,,Cash,,,0
510,83,2026-02-23,Payment,0,17840,"Payment Received: ",,"2026-02-24 11:07:10",,,,Cash,,,0
511,13,2026-02-23,Payment,0,40000,"Payment Received: ",,"2026-02-24 11:07:43",,,,Cash,,,0
512,34,2026-02-23,Payment,0,60000,"Payment Received: ",,"2026-02-24 11:08:09",,,,Cash,,,0
513,4,2026-02-23,Payment,0,21000,"Payment Received: ",,"2026-02-24 11:08:38",,,,Cash,,,0
514,28,2026-02-23,Payment,0,30000,"Payment Received: ",,"2026-02-24 11:10:21",,,,Online,,,0
515,20,2026-02-23,Payment,0,30000,"Payment Received: ",,"2026-02-24 11:10:59",,,,Online,,,0
516,17,2026-02-23,Payment,0,53000,"Payment Received: ",,"2026-02-24 11:11:37",,,,Online,,,0
517,32,2026-02-23,Sale,152320,0,"Sale #254 Updated - ",2026-03-20,"2026-02-24 11:26:51",254,,,,,,
518,62,2026-02-23,Sale,49120,0,"Sale #255 Updated - ",2026-03-20,"2026-02-24 11:41:15",255,,,,,,
519,12,2026-02-23,Sale,31920,0,"Sale #256",2026-03-20,"2026-02-24 11:48:40",256,,,,,,
520,61,2026-02-24,Payment,0,8800,"Payment Received: ",,"2026-02-25 11:49:01",,,,Cash,,,0
521,40,2026-02-24,Payment,0,40000,"Payment Received: ",,"2026-02-25 11:49:30",,,,Cash,,,0
522,62,2026-02-24,Payment,0,35000,"Payment Received: ",,"2026-02-25 11:51:00",,,,Cash,,,0
523,35,2026-02-24,Payment,0,5000,"Payment Received: ",,"2026-02-25 11:51:25",,,,Cash,,,0
524,38,2026-02-24,Payment,0,10000,"Payment Received: ",,"2026-02-25 11:52:02",,,,Online,,,0
525,19,2026-02-24,Payment,0,35000,"Payment Received: ",,"2026-02-25 11:52:54",,,,Online,,,0
526,17,2026-02-25,Payment,0,50000,"Payment Received: ",,"2026-02-25 11:53:58",,,,Online,,,0
527,61,2026-02-25,Payment,0,9000,"Payment Received: ",,"2026-02-25 11:54:37",,,,Cash,,,0
528,30,2026-02-25,Payment,0,10000,"Payment Received: ",,"2026-02-25 11:54:59",,,,Cash,,,0
529,3,2026-02-25,Payment,0,8000,"Payment Received: ",,"2026-02-25 11:55:28",,,,Cash,,,0
530,35,2026-02-25,Payment,0,5000,"Payment Received: ",,"2026-02-25 11:55:51",,,,Cash,,,0
531,18,2026-02-23,Sale,33062,0,"Sale #257",2026-03-20,"2026-02-25 12:02:37",257,,,,,,
532,48,2026-02-24,Sale,53240,0,"Sale #258",2026-03-20,"2026-02-25 12:05:50",258,,,,,,
533,8,2026-02-24,Sale,18362,0,"Sale #259",2026-02-24,"2026-02-25 12:33:54",259,,,,,,
534,37,2026-02-24,Sale,15280,0,"Sale #260 Updated - ",2026-03-20,"2026-02-25 12:37:26",260,,,,,,
535,28,2026-02-24,Sale,29602,0,"Sale #261",2026-03-20,"2026-02-25 12:40:38",261,,,,,,
536,23,2026-02-24,Sale,125712,0,"Sale #262",2026-03-20,"2026-02-25 12:46:39",262,,,,,,
537,13,2026-02-24,Sale,186870,0,"Sale #263 Updated - ",2026-03-20,"2026-02-25 12:56:13",263,,,,,,
538,39,2026-02-24,Sale,20728,0,"Sale #264",2026-03-20,"2026-02-25 12:59:37",264,,,,,,
539,17,2026-02-23,Sale,164352,0,"Sale #265 Updated - ",2026-03-05,"2026-02-26 12:41:24",265,,,,,,
540,37,2026-02-20,Sale,96491,0,"Sale #266 Updated - ",2026-03-05,"2026-02-26 13:07:28",266,,,,,,
541,49,2026-02-21,Payment,0,5000,"Payment Received: ",,"2026-02-26 22:06:22",,,,Cash,,,0
542,39,2026-02-26,Payment,0,15000,"Payment Received: ",,"2026-02-26 22:07:08",,,,Online,,,0
543,32,2026-02-26,Payment,0,50000,"Payment Received: ",,"2026-02-27 11:25:54",,,,Online,,,0
544,49,2026-02-26,Payment,0,5000,"Payment Received: ",,"2026-02-27 11:26:30",,,,Online,,,0
545,61,2026-02-23,Sale,7920,0,"Sale #267 Updated - ",2026-03-10,"2026-02-27 11:40:35",267,,,,,,
546,40,2026-02-23,Sale,247414,0,"Sale #268 Updated - ",2026-03-10,"2026-02-27 15:33:17",268,,,,,,
547,71,2026-02-27,Payment,0,58000,"Payment Received: ",,"2026-02-27 22:03:45",,,,Online,,,0
548,61,2026-02-27,Payment,0,10500,"Payment Received: ",,"2026-02-27 22:04:31",,,,Cash,,,0
549,3,2026-02-27,Payment,0,18000,"Payment Received: ",,"2026-02-27 22:05:15",,,,Cash,,,0
550,30,2026-02-27,Payment,0,19500,"Payment Received: ",,"2026-02-27 22:05:38",,,,Cash,,,0
551,35,2026-02-27,Payment,0,5000,"Payment Received: ",,"2026-02-27 22:05:57",,,,Cash,,,0
552,87,2026-02-27,Payment,0,50000,"Payment Received: ",,"2026-02-27 22:20:04",,,,Online,,,0
553,71,2026-02-24,Sale,104585,0,"Sale #269 Updated - ",2026-03-10,"2026-02-28 11:53:24",269,,,,,,
554,61,2026-02-24,Sale,12214,0,"Sale #270 Updated - ",2026-03-10,"2026-02-28 12:12:53",270,,,,,,
555,61,2026-02-25,Sale,7233,0,"Sale #271",2026-03-10,"2026-02-28 12:48:07",271,,,,,,
556,88,2026-02-09,Sale,53000,0,"Sale #272",2026-02-28,"2026-02-28 13:08:49",272,,,,,,
557,71,2026-02-27,Payment,0,12000,"Payment Received: ",,"2026-02-28 13:41:15",,,,Online,,,0
558,87,2026-02-28,Payment,0,50000,"Payment Received: ",,"2026-02-28 13:42:34",,,,Online,,,0
559,16,2026-02-28,Payment,0,100000,"Payment Received: ",,"2026-02-28 13:44:32",,,,Cash,,,0
560,61,2026-02-28,Payment,0,15000,"Payment Received: ",,"2026-02-28 13:44:54",,,,Cash,,,0
561,8,2026-02-28,Payment,0,46000,"Payment Received: ",,"2026-02-28 13:45:14",,,,Cash,,,0
562,35,2026-02-28,Payment,0,5000,"Payment Received: ",,"2026-02-28 13:45:32",,,,Cash,,,0
563,30,2026-02-28,Payment,0,40000,"Payment Received: ",,"2026-02-28 13:45:52",,,,Cash,,,0
564,3,2026-02-28,Payment,0,8000,"Payment Received: ",,"2026-02-28 13:46:16",,,,Cash,,,0
565,20,2026-02-28,Payment,0,35000,"Payment Received: ",,"2026-02-28 13:47:53",,,,Cash,,,0
566,26,2026-02-28,Payment,0,15000,"Payment Received: ",,"2026-02-28 13:48:24",,,,Online,,,0
567,39,2026-02-28,Payment,0,37500,"Payment Received: ",,"2026-02-28 13:49:03",,,,Cash,,,0
568,35,2026-02-26,Sale,20060,0,"Sale #273",2026-03-06,"2026-03-01 13:17:32",273,,,,,,
569,61,2026-02-25,Sale,8042,0,"Sale #274 Updated - ",2026-03-06,"2026-03-01 13:44:28",274,,,,,,
570,16,2026-02-25,Sale,26250,0,"Sale #275",2026-03-05,"2026-03-01 14:17:21",275,,,,,,
571,58,2026-02-25,Sale,7200,0,"Sale #276",2026-03-05,"2026-03-01 14:18:47",276,,,,,,
572,30,2026-02-25,Sale,17460,0,"Sale #277",2026-03-05,"2026-03-01 14:22:04",277,,,,,,
573,32,2026-02-26,Sale,26000,0,"Sale #278",2026-03-06,"2026-03-01 14:26:28",278,,,,,,
574,46,2026-02-26,Sale,52380,0,"Sale #279",2026-03-06,"2026-03-01 14:30:31",279,,,,,,
575,34,2026-02-28,Payment,0,20000,"Payment Received: ",,"2026-03-02 14:00:18",,,,Cash,,,0
576,19,2026-02-28,Payment,0,25000,"Payment Received: ",,"2026-03-02 14:01:01",,,,Online,,,0
577,48,2026-02-28,Payment,0,46455,"Payment Received: ",,"2026-03-02 14:01:49",,,,Online,,,0
578,59,2026-02-28,Payment,0,13500,"Payment Received: ",,"2026-03-02 14:03:28",,,,Online,,,0
579,59,2026-03-01,Payment,0,11000,"Payment Received: ",,"2026-03-02 14:04:15",,,,Online,,,0
580,30,2026-03-02,Payment,0,10000,"Payment Received: ",,"2026-03-02 14:04:50",,,,Cash,,,0
581,45,2026-03-02,Payment,0,65000,"Payment Received: ",,"2026-03-02 14:05:35",,,,Cash,,,0
582,3,2026-02-28,Payment,0,9000,"Payment Received: ",,"2026-03-02 14:06:06",,,,Cash,,,0
583,35,2026-02-28,Payment,0,5000,"Payment Received: ",,"2026-03-02 14:07:42",,,,Cash,,,0
584,44,2026-02-25,Sale,45975,0,"Sale #280",2026-03-10,"2026-03-02 14:43:49",280,,,,,,
585,49,2026-02-28,Sale,30090,0,"Sale #281",2026-03-10,"2026-03-02 14:50:58",281,,,,,,
586,71,2026-03-02,Return,0,3250,"Return from Sale #110 - due to complain and damged",,"2026-03-02 16:54:18",110,,,,,4,
587,71,2026-03-02,Return,0,1350,"Return from Sale #124 - ",,"2026-03-02 16:55:12",124,,,,,5,
588,83,2026-02-27,Sale,6135,0,"Sale #282",2026-03-10,"2026-03-03 11:26:52",282,,,,,,
589,45,2026-02-28,Sale,69516,0,"Sale #283",2026-03-10,"2026-03-03 11:34:57",283,,,,,,
590,63,2026-02-28,Sale,36960,0,"Sale #284",2026-03-10,"2026-03-03 11:36:32",284,,,,,,
591,34,2026-03-02,Payment,0,39000,"Payment Received: ",,"2026-03-03 11:37:18",,,,Online,,,0
592,30,2026-02-28,Sale,49980,0,"Sale #285",2026-03-10,"2026-03-03 11:41:49",285,,,,,,
593,8,2026-02-28,Sale,511360,0,"Sale #286 Updated - ",2026-03-15,"2026-03-04 11:51:16",286,,,,,,
594,61,2026-03-03,Payment,0,13500,"Payment Received: ",,"2026-03-04 11:53:02",,,,Cash,,,0
595,58,2026-03-03,Payment,0,146000,"Payment Received: ",,"2026-03-04 11:53:41",,,,Cash,,,0
596,47,2026-03-03,Payment,0,31000,"Payment Received: ",,"2026-03-04 11:54:14",,,,Cash,,,0
597,3,2026-03-03,Payment,0,8500,"Payment Received: ",,"2026-03-04 11:54:54",,,,Cash,,,0
598,35,2026-03-03,Payment,0,5000,"Payment Received: ",,"2026-03-04 11:55:22",,,,Cash,,,0
599,19,2026-02-28,Sale,64585,0,"Sale #287",2026-03-15,"2026-03-04 12:12:01",287,,,,,,
600,71,2026-02-28,Sale,5240,0,"Sale #288",2026-03-15,"2026-03-04 12:13:49",288,,,,,,
601,3,2026-03-02,Sale,89830,0,"Sale #289 Updated - ",2026-03-15,"2026-03-04 12:27:34",289,,,,,,
602,1,2026-02-10,Sale,563520,0,"Sale #290",2026-03-10,"2026-03-04 15:07:47",290,,,,,,
603,51,2026-03-03,Payment,0,50000,"Payment Received: ",,"2026-03-04 15:09:36",,,,Online,,,0
604,43,2026-02-28,Sale,5830,0,"Sale #291",2026-03-10,"2026-03-04 15:11:54",291,,,,,,
605,43,2026-03-03,Sale,3495,0,"Sale #292",2026-03-15,"2026-03-04 15:14:09",292,,,,,,
606,32,2026-03-03,Payment,0,51980,"Payment Received: ",,"2026-03-04 15:14:56",,,,Online,,,0
607,8,2026-03-03,Payment,0,50000,"Payment Received: ",,"2026-03-04 15:16:32",,,,Online,,,0
608,15,2026-03-04,Payment,0,25656,"Payment Received: ",,"2026-03-04 15:19:23",,,,Online,,,0
609,43,2026-03-04,Payment,0,15000,"Payment Received: ",,"2026-03-04 15:23:24",,,,Cash,,,0
610,30,2026-03-04,Payment,0,15000,"Payment Received: ",,"2026-03-04 15:23:45",,,,Cash,,,0
611,3,2026-03-04,Payment,0,3500,"Payment Received: ",,"2026-03-04 15:24:57",,,,Cash,,,0
612,9,2026-03-04,Sale,52170,0,"Sale #293",2026-03-15,"2026-03-04 15:27:05",293,,,,,,
613,61,2026-01-30,Sale,3610,0,"Sale #294",2026-02-10,"2026-03-04 17:01:15",294,,,,,,
614,35,2026-03-04,Sale,24880,0,"Sale #295",2026-03-15,"2026-03-05 11:27:36",295,,,,,,
615,58,2026-03-02,Sale,78800,0,"Sale #296 Updated - ",2026-03-15,"2026-03-05 11:41:23",296,,,,,,
616,16,2026-03-02,Sale,24000,0,"Sale #297",2026-03-15,"2026-03-05 11:43:15",297,,,,,,
617,34,2026-03-02,Sale,39160,0,"Sale #298 Updated - ",2026-03-15,"2026-03-05 11:49:36",298,,,,,,
618,61,2026-03-02,Sale,9830,0,"Sale #299 Updated - ",2026-03-15,"2026-03-05 12:06:32",299,,,,,,
619,19,2026-03-04,Payment,0,35000,"Payment Received: ",,"2026-03-05 12:20:04",,,,Online,,,0
620,47,2026-03-02,Sale,32170,0,"Sale #300 Updated - ",2026-03-15,"2026-03-05 12:30:32",300,,,,,,
621,61,2026-03-04,Sale,7265,0,"Sale #301 Updated - ",2026-03-15,"2026-03-05 15:11:22",301,,,,,,
622,35,2026-03-02,Sale,85745,0,"Sale #302",2026-03-15,"2026-03-05 17:16:24",302,,,,,,
623,32,2026-03-02,Sale,51980,0,"Sale #303",2026-03-15,"2026-03-05 17:18:39",303,,,,,,
624,43,2026-03-05,Payment,0,15000,"Payment Received: ",,"2026-03-05 17:19:16",,,,Cash,,,0
625,61,2026-03-05,Payment,0,7000,"Payment Received: ",,"2026-03-05 17:19:53",,,,Cash,,,0
626,35,2026-03-05,Payment,0,10000,"Payment Received: ",,"2026-03-05 17:20:16",,,,Cash,,,0
627,30,2026-03-05,Payment,0,10000,"Payment Received: ",,"2026-03-05 17:20:41",,,,Cash,,,0
628,3,2026-03-05,Payment,0,11000,"Payment Received: ",,"2026-03-05 17:21:03",,,,Cash,,,0
629,58,2026-03-05,Payment,0,120000,"Payment Received: ",,"2026-03-05 17:21:26",,,,Cash,,,0
630,16,2026-03-05,Payment,0,100000,"Payment Received: ",,"2026-03-05 17:21:50",,,,Cash,,,0
631,16,2026-03-05,Payment,0,130400,"Payment Received: Apple color payment",,"2026-03-05 17:24:03",,,,Online,,,0
632,61,2026-02-11,Sale,6160,0,"Sale #304",2026-02-25,"2026-03-05 21:43:03",304,,,,,,
633,61,2026-03-05,Sale,6040,0,"Sale #305",2026-03-15,"2026-03-06 11:37:54",305,,,,,,
634,30,2026-03-02,Sale,46550,0,"Sale #306",2026-03-15,"2026-03-06 11:42:30",306,,,,,,
635,89,2026-03-04,Sale,171262,0,"Sale #307 Updated - ",2026-03-15,"2026-03-06 12:07:02",307,,,,,,
636,88,2026-03-04,Payment,0,53000,"Payment Received: Maal k badly maal lya",,"2026-03-06 12:19:15",,,,Cash,,,0
637,88,2026-03-03,Sale,79500,0,"Sale #308",2026-03-15,"2026-03-06 12:22:05",308,,,,,,
638,8,2026-03-06,Payment,0,50000,"Payment Received: ",,"2026-03-06 12:23:19",,,,Online,,,0
639,53,2026-03-06,Payment,0,100000,"Payment Received: ",,"2026-03-06 12:53:20",,,,Cash,,,0
640,89,2026-03-06,Payment,0,100000,"Payment Received: ",,"2026-03-06 12:54:26",,,,Cash,,,0
641,34,2026-03-06,Payment,0,20000,"Payment Received: ",,"2026-03-06 12:54:50",,,,Cash,,,0
642,43,2026-03-06,Payment,0,15000,"Payment Received: ",,"2026-03-06 12:55:12",,,,Cash,,,0
643,35,2026-03-06,Payment,0,15000,"Payment Received: ",,"2026-03-06 12:55:35",,,,Cash,,,0
644,30,2026-03-06,Payment,0,10000,"Payment Received: ",,"2026-03-06 12:55:59",,,,Cash,,,0
645,3,2026-03-06,Payment,0,11000,"Payment Received: ",,"2026-03-06 12:56:25",,,,Cash,,,0
646,90,2026-03-05,Sale,109200,109200,"Sale #309",,"2026-03-06 14:58:30",309,,,,,,
647,72,2026-03-03,Sale,14474,14474,"Sale #310",,"2026-03-06 17:27:54",310,,,,,,
648,61,2026-02-02,Sale,1975,0,"Sale #311",2026-02-20,"2026-03-06 19:44:12",311,,,,,,
649,58,2026-02-21,Sale,47500,0,"Sale #312",2026-03-01,"2026-03-06 19:56:40",312,,,,,,
650,58,2026-02-21,Sale,47500,0,"Sale #313",2026-03-01,"2026-03-06 22:48:39",313,,,,,,
651,66,2026-03-04,Sale,51000,0,"Sale #314",2026-03-15,"2026-03-07 14:03:10",314,,,,,,
652,58,2026-03-03,Sale,31850,0,"Sale #315",2026-03-15,"2026-03-07 14:27:23",315,,,,,,
653,30,2026-03-04,Sale,40200,0,"Sale #316",2026-03-15,"2026-03-07 14:28:52",316,,,,,,
654,18,2026-03-04,Sale,52070,0,"Sale #317",2026-03-15,"2026-03-07 14:32:59",317,,,,,,
655,18,2026-03-04,Sale,52070,0,"Sale #318 Updated - ",2026-03-15,"2026-03-08 12:39:32",318,,,,,,
656,39,2026-03-03,Sale,18900,0,"Sale #319",2026-03-14,"2026-03-08 12:46:48",319,,,,,,
657,15,2026-03-06,Sale,53120,0,"Sale #321",2026-03-18,"2026-03-08 13:29:41",321,,,,,,
658,43,2026-03-04,Sale,8615,0,"Sale #322 Updated - ",2026-03-16,"2026-03-08 13:42:16",322,,,,,,
659,30,2026-03-04,Sale,12600,0,"Sale #323",2026-03-16,"2026-03-08 13:44:53",323,,,,,,
660,40,2026-03-03,Sale,232430,0,"Sale #324 Updated - ",2026-03-17,"2026-03-08 14:39:08",324,,,,,,
661,12,2026-03-05,Sale,82980,0,"Sale #325 Updated - ",2026-03-17,"2026-03-08 15:06:35",325,,,,,,
662,59,2026-03-05,Sale,19550,0,"Sale #326",2026-03-17,"2026-03-08 15:08:36",326,,,,,,
663,23,2026-03-04,Sale,18408,0,"Sale #327",2026-03-17,"2026-03-08 15:12:38",327,,,,,,
664,19,2026-03-04,Sale,62465,0,"Sale #328 Updated - ",2026-03-18,"2026-03-08 15:54:12",328,,,,,,
665,1,2026-03-04,Sale,28800,0,"Sale #329",2026-03-18,"2026-03-08 15:57:02",329,,,,,,
666,43,2026-03-04,Sale,5100,0,"Sale #330",2026-03-18,"2026-03-08 16:01:54",330,,,,,,
667,58,2026-03-06,Sale,98380,0,"Sale #331 Updated - ",2026-03-18,"2026-03-08 18:04:08",331,,,,,,
668,62,2026-03-07,Sale,32170,0,"Sale #332 Updated - ",2026-03-21,"2026-03-08 19:39:14",332,,,,,,
669,43,2026-03-05,Sale,9870,0,"Sale #333 Updated - ",2026-03-18,"2026-03-08 19:47:23",333,,,,,,
670,58,2026-03-06,Sale,102102,0,"Sale #334",2026-03-20,"2026-03-08 19:58:44",334,,,,,,
671,18,2026-03-06,Payment,0,33000,"Payment Received: ",,"2026-03-09 12:21:56",,,,Online,,,0
672,49,2026-03-09,Payment,0,5000,"Payment Received: ",,"2026-03-09 12:22:27",,,,Online,,,0
673,20,2026-03-09,Payment,0,30000,"Payment Received: ",,"2026-03-09 12:25:45",,,,Online,,,0
674,62,2026-03-07,Payment,0,40000,"Payment Received: ",,"2026-03-09 12:26:32",,,,Online,,,0
675,43,2026-03-09,Payment,0,15000,"Payment Received: ",,"2026-03-09 12:27:35",,,,Cash,,,0
676,35,2026-03-09,Payment,0,10000,"Payment Received: ",,"2026-03-09 12:27:54",,,,Cash,,,0
677,30,2026-03-09,Payment,0,20000,"Payment Received: ",,"2026-03-09 12:28:16",,,,Cash,,,0
678,3,2026-03-09,Payment,0,23000,"Payment Received: ",,"2026-03-09 12:28:46",,,,Cash,,,0
679,13,2026-03-09,Payment,0,60000,"Payment Received: ",,"2026-03-09 12:29:12",,,,Cash,,,0
680,91,2026-03-03,Sale,10000,10000,"Sale #335",,"2026-03-09 12:51:00",335,,,,,,
681,40,2026-03-09,Return,0,34500,"Return from Sale #324 - ",,"2026-03-09 22:46:32",324,,,,,6,
682,3,2026-03-05,Sale,12000,0,"Sale #336",2026-03-15,"2026-03-10 12:30:39",336,,,,,,
683,63,2026-03-05,Sale,29568,0,"Sale #337",2026-03-15,"2026-03-10 12:32:43",337,,,,,,
684,63,2026-03-05,Sale,52000,0,"Sale #338",2026-03-15,"2026-03-10 12:33:49",338,,,,,,
685,79,2026-03-05,Sale,13190,0,"Sale #339",2026-03-15,"2026-03-10 12:35:51",339,,,,,,
686,37,2026-03-06,Sale,26565,0,"Sale #340 Updated - ",2026-03-20,"2026-03-10 12:41:34",340,,,,,,
687,34,2026-03-05,Sale,35350,0,"Sale #341 Updated - ",2026-03-20,"2026-03-10 13:04:34",341,,,,,,
688,43,2026-03-06,Sale,13574,0,"Sale #342",2026-03-20,"2026-03-10 14:07:44",342,,,,,,
689,58,2026-03-07,Sale,16385,0,"Sale #343",2026-03-20,"2026-03-10 14:10:37",343,,,,,,
690,35,2026-03-07,Sale,60730,0,"Sale #344 Updated - ",2026-03-20,"2026-03-10 17:15:01",344,,,,,,
691,30,2026-03-07,Sale,105630,0,"Sale #345 Updated - ",2026-03-20,"2026-03-10 17:26:21",345,,,,,,
692,58,2026-03-07,Sale,63000,0,"Sale #346",2026-03-20,"2026-03-10 19:49:37",346,,,,,,
693,34,2026-03-09,Payment,0,20000,"Payment Received: ",,"2026-03-10 19:50:25",,,,Online,,,0
694,61,2026-03-09,Sale,7427,0,"Sale #347",2026-03-20,"2026-03-10 20:00:20",347,,,,,,
695,44,2026-03-09,Payment,0,45000,"Payment Received: ",,"2026-03-10 20:01:05",,,,Online,,,0
696,69,2026-03-09,Sale,5452,5452,"Sale #348 Updated - ",,"2026-03-10 20:04:46",348,,,,,,
697,43,2026-03-07,Sale,24616,0,"Sale #349",2026-03-20,"2026-03-10 20:52:05",349,,,,,,
698,31,2026-03-09,Payment,0,25000,"Payment Received: ",,"2026-03-10 20:52:45",,,,Online,,,0
699,39,2026-03-09,Payment,0,20500,"Payment Received: ",,"2026-03-10 20:53:30",,,,Online,,,0
700,63,2026-03-10,Payment,0,62500,"Payment Received: ",,"2026-03-10 20:54:18",,,,Cheque,,,0
701,40,2026-03-10,Payment,0,9600,"Payment Received: ",,"2026-03-10 20:55:19",,,,Online,,,0
702,61,2026-03-10,Payment,0,16500,"Payment Received: ",,"2026-03-10 20:58:59",,,,Cash,,,0
703,79,2026-03-10,Payment,0,94000,"Payment Received: ",,"2026-03-10 20:59:32",,,,Cash,,,0
704,45,2026-03-10,Payment,0,50000,"Payment Received: ",,"2026-03-10 21:00:15",,,,Cash,,,0
705,3,2026-03-10,Payment,0,15000,"Payment Received: ",,"2026-03-10 21:00:40",,,,Cash,,,0
706,35,2026-03-10,Payment,0,10000,"Payment Received: ",,"2026-03-10 21:01:01",,,,Cash,,,0
707,30,2026-03-10,Payment,0,10000,"Payment Received: ",,"2026-03-10 21:01:37",,,,Cash,,,0
708,40,2026-03-10,Payment,0,30000,"Payment Received: ",,"2026-03-10 21:02:07",,,,Cash,,,0
709,40,2026-03-10,Payment,0,20400,"Payment Received: ",,"2026-03-10 21:02:51",,,,Cash,,,0
710,43,2026-03-10,Payment,0,15000,"Payment Received: ",,"2026-03-10 21:07:11",,,,Online,,,0
711,58,2026-03-10,Payment,0,100000,"Payment Received: ",,"2026-03-10 21:07:52",,,,Cash,,,0
712,10,2026-03-08,Sale,41600,0,"Sale #350",2026-03-20,"2026-03-10 21:09:34",350,,,,,,
713,25,2026-03-08,Sale,32090,0,"Sale #351",2026-03-20,"2026-03-10 21:15:13",351,,,,,,
714,16,2026-03-10,Sale,13680,0,"Sale #352",2026-03-20,"2026-03-10 21:16:44",352,,,,,,
715,49,2026-03-10,Payment,0,5000,"Payment Received: ",,"2026-03-10 21:17:26",,,,Online,,,0
716,48,2026-03-06,Sale,58750,0,"Sale #353",2026-03-20,"2026-03-10 23:36:16",353,,,,,,
717,11,2026-02-02,Sale,2850,0,"Sale #354",2026-02-20,"2026-03-11 13:43:48",354,,,,,,
718,69,2026-03-03,Sale,9074,9074,"Sale #355",,"2026-03-11 14:37:06",355,,,,,,
719,71,2026-03-10,Sale,15190,0,"Sale #356",2026-03-25,"2026-03-11 14:44:30",356,,,,,,
720,92,2026-03-07,Sale,102800,0,"Sale #357",2026-03-20,"2026-03-11 14:51:07",357,,,,,,
721,75,2026-03-07,Sale,30000,0,"Sale #358",2026-03-20,"2026-03-11 14:52:24",358,,,,,,
722,89,2026-03-07,Sale,47260,47260,"Sale #359",,"2026-03-11 14:55:41",359,,,,,,
723,43,2026-03-08,Sale,4540,0,"Sale #360",2026-03-20,"2026-03-11 14:59:35",360,,,,,,
724,13,2026-03-08,Sale,16800,0,"Sale #361",2026-03-20,"2026-03-11 15:01:08",361,,,,,,
725,35,2026-03-09,Sale,31400,0,"Sale #362",2026-03-20,"2026-03-11 15:03:47",362,,,,,,
726,72,2026-03-09,Sale,4422,4422,"Sale #363",,"2026-03-11 15:08:24",363,,,,,,
727,13,2026-03-08,Sale,16800,0,"Sale #364",2026-03-20,"2026-03-11 15:52:03",364,,,,,,
728,82,2026-03-11,Payment,0,16000,"Payment Received: Blade or Raju Arif shop ka bill adjust kya",,"2026-03-11 16:19:08",,,,Cash,,,0
729,40,2026-03-09,Sale,22584,0,"Sale #365",2026-03-20,"2026-03-11 16:36:13",365,,,,,,
730,72,2026-03-09,Sale,6870,6870,"Sale #366",,"2026-03-11 16:45:52",366,,,,,,
731,72,2026-03-09,Sale,2152,2152,"Sale #367",,"2026-03-11 17:03:00",367,,,,,,
732,43,2026-03-10,Payment,0,4000,"Payment Received: ",,"2026-03-11 17:08:58",,,,Cash,,,0
733,59,2026-03-09,Sale,60700,0,"Sale #368",2026-03-20,"2026-03-11 18:03:56",368,,,,,,
734,23,2026-03-09,Sale,57000,0,"Sale #369",2026-03-20,"2026-03-11 18:05:33",369,,,,,,
735,49,2026-03-07,Sale,36780,0,"Sale #370",2026-03-20,"2026-03-11 18:08:31",370,,,,,,
736,61,2026-03-09,Sale,5270,0,"Sale #371 Updated - ",2026-03-20,"2026-03-11 18:14:38",371,,,,,,
737,35,2026-03-09,Sale,3810,0,"Sale #372",2026-03-20,"2026-03-11 18:18:28",372,,,,,,
738,72,2026-03-09,Sale,10360,10360,"Sale #373 Updated - Zubair bhai Sherfabad",,"2026-03-11 18:28:15",373,,,,,,
739,72,2026-03-09,Sale,2300,2300,"Sale #374",,"2026-03-11 19:51:29",374,,,,,,
740,3,2026-03-11,Payment,0,19000,"Payment Received: ",,"2026-03-11 21:12:09",,,,Cash,,,0
741,25,2026-03-11,Payment,0,20000,"Payment Received: ",,"2026-03-11 21:12:27",,,,Cash,,,0
742,43,2026-03-11,Payment,0,15000,"Payment Received: ",,"2026-03-11 21:13:01",,,,Cash,,,0
743,11,2026-03-11,Payment,0,20575,"Payment Received: ",,"2026-03-11 21:13:40",,,,Online,,,0
744,24,2026-03-09,Sale,104170,0,"Sale #375",2026-03-20,"2026-03-11 21:44:22",375,,,,,,
745,37,2026-03-10,Sale,11616,0,"Sale #376",2026-03-20,"2026-03-11 21:53:45",376,,,,,,
746,62,2026-03-11,Payment,0,15000,"Payment Received: ",,"2026-03-11 21:54:41",,,,Online,,,0
747,62,2026-03-11,Sale,19820,0,"Sale #377",2026-03-20,"2026-03-11 22:00:37",377,,,,,,
748,61,2026-03-11,Sale,6165,0,"Sale #378",2026-03-20,"2026-03-11 22:10:26",378,,,,,,
749,45,2026-03-10,Sale,57655,0,"Sale #379",2026-03-20,"2026-03-11 22:16:51",379,,,,,,
750,45,2026-03-10,Sale,36890,0,"Sale #380",2026-03-25,"2026-03-12 15:31:54",380,,,,,,
751,72,2026-03-10,Sale,17580,17580,"Sale #381",,"2026-03-12 15:34:44",381,,,,,,
752,48,2026-03-11,Payment,0,50000,"Payment Received: ",,"2026-03-12 15:35:46",,,,Online,,,0
753,58,2026-03-10,Sale,164100,0,"Sale #382",2026-03-25,"2026-03-12 15:44:56",382,,,,,,
754,58,2026-03-10,Sale,33220,0,"Sale #383",2026-03-25,"2026-03-12 15:54:44",383,,,,,,
755,3,2026-03-11,Payment,0,1000,"Payment Received: ",,"2026-03-12 17:02:14",,,,Online,,,0
756,3,2026-03-10,Sale,84475,0,"Sale #384",2026-03-25,"2026-03-12 17:18:05",384,,,,,,
757,25,2026-03-10,Sale,46260,0,"Sale #385",2026-03-25,"2026-03-12 17:27:47",385,,,,,,
758,51,2026-03-11,Payment,0,40000,"Payment Received: ",,"2026-03-12 17:46:08",,,,Online,,,0
759,58,2026-03-11,Sale,27900,0,"Sale #386",2026-03-25,"2026-03-12 17:54:25",386,,,,,,
760,43,2026-03-11,Sale,6755,0,"Sale #387",2026-03-25,"2026-03-12 17:58:20",387,,,,,,
761,30,2026-03-11,Sale,15670,0,"Sale #388 Updated - ",2026-03-25,"2026-03-12 18:03:17",388,,,,,,
762,38,2026-03-12,Payment,0,50000,"Payment Received: ",,"2026-03-12 18:06:20",,,,Online,,,0
763,4,2026-03-11,Sale,28600,0,"Sale #389",2026-03-25,"2026-03-12 18:09:06",389,,,,,,
764,58,2026-03-12,Payment,0,200000,"Payment Received: ",,"2026-03-12 18:11:40",,,,Cash,,,0
765,4,2026-03-12,Payment,0,35000,"Payment Received: ",,"2026-03-12 18:12:01",,,,Cash,,,0
766,3,2026-03-12,Payment,0,20000,"Payment Received: ",,"2026-03-12 18:12:26",,,,Cash,,,0
767,30,2026-03-12,Payment,0,20000,"Payment Received: ",,"2026-03-12 18:12:42",,,,Cash,,,0
768,35,2026-03-12,Payment,0,10000,"Payment Received: ",,"2026-03-12 18:13:05",,,,Cash,,,0
769,43,2026-03-12,Sale,13587,0,"Sale #390 Updated - ",2026-03-25,"2026-03-12 18:20:25",390,,,,,,
770,24,2026-03-12,Sale,40640,0,"Sale #391 Updated - ",2026-03-25,"2026-03-12 18:23:34",391,,,,,,
771,57,2026-03-12,Payment,0,30000,"Payment Received: ",,"2026-03-12 21:47:13",,,,Online,,,0
