id,dealer_id,type,debit,credit,description,date,created_at,restock_id,payment_type,payment_proof,return_id
1,1,Purchase,74400,74400,"Initial Stock: Litter Bottle (620 x 120)",2026-01-24,"2026-01-24 15:10:59",1,,,
2,1,Purchase,100080,100080,"Initial Stock: Litter Bottle (834 x 120)",2026-01-24,"2026-01-24 15:14:06",2,,,
3,1,Purchase,159200,159200,"Initial Stock: Paid 500 ml (1990 x 80)",2026-01-24,"2026-01-24 15:15:50",3,,,
4,1,Purchase,1151884.8,1151884.8,"Initial Stock: 56 skin cleaner (34560 x 33.33)",2026-01-24,"2026-01-24 15:20:04",4,,,
5,2,Purchase,79200,79200,"Initial Stock: Comb - Kanga 7.5&quot; (66 x 1200)",2026-01-24,"2026-01-24 15:28:58",5,,,
6,2,Purchase,51800,51800,"Initial Stock: Comb -Kanga 8&quot; (37 x 1400)",2026-01-24,"2026-01-24 15:30:03",6,,,
7,3,Purchase,34740,34740,"Initial Stock: Comb- Kanga TH and tony (193 x 180)",2026-01-24,"2026-01-24 15:34:40",7,,,
8,4,Purchase,302400,302400,"Initial Stock: Apple color hair max 1 kg (216 x 1400)",2026-01-24,"2026-01-24 15:41:39",10,,,
9,4,Purchase,117600,117600,"Initial Stock: Apple golden Hair color 1 kg (84 x 1400)",2026-01-24,"2026-01-24 15:42:59",11,,,
10,4,Purchase,53760,53760,"Initial Stock: Apple Hair color satche (336 x 160)",2026-01-24,"2026-01-24 15:46:20",12,,,
11,4,Purchase,44640,44640,"Initial Stock: Apple tube color hair max (288 x 155)",2026-01-24,"2026-01-24 15:48:33",13,,,
12,1,Purchase,296000,296000,"Initial Stock: Pak safe Disposable Razer (740 x 400)",2026-01-24,"2026-01-24 16:30:59",21,,,
13,5,Purchase,94340,94340,"Initial Stock: Gelme Shaving foam (356 x 265)",2026-01-24,"2026-01-24 16:54:28",24,,,
14,3,Purchase,77400,77400,"Initial Stock: Lahori Facial kit (86 x 900)",2026-01-24,"2026-01-24 17:05:03",26,,,
16,6,Purchase,153600,153600,"Initial Stock: Alisha Facial kit Original (480 x 320)",2026-01-24,"2026-01-24 17:09:27",30,,,
17,7,Purchase,57408,57408,"Initial Stock: CB Special Hair remove brush (552 x 104)",2026-01-24,"2026-01-24 17:20:40",36,,,
18,7,Purchase,88400,88400,"Initial Stock: Armetic Hair remove brush (104 x 850)",2026-01-24,"2026-01-24 17:22:39",37,,,
20,3,Purchase,38410,38410,"Initial Stock: S Hair remove brush (334 x 115)",2026-01-24,"2026-01-24 17:28:02",40,,,
21,3,Purchase,4760,4760,"Initial Stock: Crystal Hair remove brush (14 x 340)",2026-01-24,"2026-01-24 17:29:37",41,,,
22,8,Purchase,62097.84,62097.84,"Initial Stock: Jolly Shaving cream (504 x 123.21)",2026-01-24,"2026-01-24 17:36:24",42,,,
23,2,Purchase,133875,133875,"Initial Stock: Machine dant (255 x 525)",2026-01-24,"2026-01-24 18:01:53",44,,,
24,5,Purchase,174720,174720,"Initial Stock: Gellme Hair Spray (624 x 280)",2026-01-24,"2026-01-24 18:07:25",45,,,
25,1,Purchase,101000,101000,"Initial Stock: Revense Curling lotion (404 x 250)",2026-01-24,"2026-01-24 18:08:51",46,,,
26,1,Purchase,232960,232960,"Initial Stock: Fareed Curling Lotion (896 x 260)",2026-01-24,"2026-01-24 18:09:48",47,,,
27,1,Purchase,158112,158112,"Initial Stock: Crystal snow cream (2196 x 72)",2026-01-24,"2026-01-24 18:13:05",48,,,
28,9,Purchase,21600,21600,"Initial Stock: Face wash 1 ltr (160 x 135)",2026-01-24,"2026-01-24 18:14:55",49,,,
29,1,Purchase,582624,582624,"Initial Stock: Cold Cream (8568 x 68)",2026-01-24,"2026-01-24 18:16:08",50,,,
30,1,Purchase,187500,187500,"Initial Stock: Tissue Biscuit Color (1250 x 150)",2026-01-24,"2026-01-24 18:23:44",54,,,
31,3,Purchase,45750,45750,"Initial Stock: Wax bottle (61 x 750)",2026-01-24,"2026-01-24 18:39:27",66,,,
32,1,Purchase,35200,35200,"Initial Stock: Scrab Ltr (220 x 160)",2026-01-24,"2026-01-24 18:47:51",72,,,
33,3,Purchase,8750,8750,"Initial Stock: Shower head black (250 x 35)",2026-01-24,"2026-01-24 19:17:41",90,,,
37,11,Purchase,60000,60000,"Initial Stock: Scissors Daska (40 x 1500)",2026-01-24,"2026-01-24 19:25:47",98,,,
38,11,Purchase,14000,14000,"Initial Stock: Scissors Special daska (8 x 1750)",2026-01-24,"2026-01-24 19:26:32",99,,,
39,1,Purchase,33600,33600,"Restock: Paid 500 ml (Qty: 420)",2026-01-25,"2026-01-24 19:47:54",100,,,
40,1,Purchase,16800,16800,"Initial Stock: Norse Bottle (210 x 80)",2026-01-24,"2026-01-24 20:03:22",101,,,
41,1,Purchase,48000,48000,"Restock: Litter Bottle (Qty: 400)",2026-01-25,"2026-01-24 20:04:37",102,,,
43,13,Purchase,13950,13950,"Initial Stock: Blade Pro UK (6 x 2325)",2026-01-24,"2026-01-25 14:24:12",105,,,
44,13,Purchase,41650,41650,"Initial Stock: Blade OK (17 x 2450)",2026-01-24,"2026-01-25 14:25:21",106,,,
45,13,Purchase,6075,6075,"Initial Stock: Blade S-20 (3 x 2025)",2026-01-24,"2026-01-25 14:26:22",107,,,
46,13,Purchase,39200,39200,"Initial Stock: Blade Rambo (16 x 2450)",2026-01-24,"2026-01-25 14:27:26",108,,,
47,13,Purchase,14700,14700,"Initial Stock: Blade Super Sharp (6 x 2450)",2026-01-24,"2026-01-25 14:28:33",109,,,
48,13,Purchase,3920,3920,"Initial Stock: Blade Super Sharp Patty (4 x 980)",2026-01-24,"2026-01-25 14:33:26",110,,,
49,13,Purchase,43000,43000,"Initial Stock: Blade Silk (20 x 2150)",2026-01-24,"2026-01-25 14:34:24",111,,,
52,14,Purchase,20240,0,"Restock: Orchit Facial (Qty: 92)",2026-01-26,"2026-01-28 13:05:10",112,,,
53,12,Purchase,342432,0,"Restock: Electric hair color (Qty: 2088)",2026-01-24,"2026-01-30 12:28:35",113,,,
54,12,Purchase,360,0,"Initial Stock: Hair Capsule (20 x 18)",2026-01-24,"2026-01-30 12:30:22",114,,,
55,12,Purchase,1260,0,"Initial Stock: Showel black (12 x 105)",2026-01-24,"2026-01-30 13:33:50",115,,,
56,12,Purchase,1260,0,"Initial Stock: Shower Color Bottle (12 x 105)",2026-01-24,"2026-01-30 13:34:48",116,,,
57,12,Purchase,2100,0,"Initial Stock: Shower JJ bottle (12 x 175)",2026-01-24,"2026-01-30 13:37:11",117,,,
58,12,Purchase,23800,0,"Initial Stock: Lolain Cream (280 x 85)",2026-01-24,"2026-01-30 13:39:28",118,,,
59,12,Purchase,23800,0,"Restock: Pretty cream (Qty: 280)",2026-01-24,"2026-01-30 13:40:30",119,,,
64,15,Purchase,46800,0,"Restock: Glame foam (Qty: 240)",2026-01-21,"2026-01-30 14:06:54",124,,,
65,15,Purchase,36000,0,"Restock: Glam Hair Spray (Qty: 144)",2026-01-21,"2026-01-30 14:11:08",125,,,
66,15,Purchase,26640,0,"Restock: Rivion Hair straight (Qty: 36)",2026-01-21,"2026-01-30 14:11:49",126,,,
67,15,Purchase,2400,0,"Restock: Curling Hadi shoper (Qty: 12)",2026-01-21,"2026-01-30 14:12:59",127,,,
68,12,Payment,0,136080,"items k badly items dye",2026-01-24,"2026-01-30 15:27:17",,Cash,,
69,10,Debt,298740,0,"Old Raqam apni trf baqya",2026-01-22,"2026-01-30 15:31:48",,Cash,,
70,15,Payment,0,25500,"saman k badly saman lya",2026-01-21,"2026-01-30 15:43:27",,Cash,,
71,14,Purchase,92180,0,"Restock: Orchit Facial (Qty: 419)",2026-01-30,"2026-01-30 17:58:30",128,,,
72,16,Advance,0,50000,"Advance Payment brush ki di",2026-01-31,"2026-02-03 14:10:12",,Online,,
77,ADD_NEW,Purchase,40500,40500,"Restock: Cotton Roll local (Qty: 1500)",2026-02-04,"2026-02-05 15:56:15",133,,,
80,10,Purchase,33180,0,"Restock: Tissue Party pink 700 gm (Qty: 210)",2026-02-05,"2026-02-06 12:09:31",136,,,
81,10,Purchase,13920,0,"Restock: Party Pack Tissue 230 gm (Qty: 240)",2026-02-05,"2026-02-06 12:47:28",138,,,
82,20,Purchase,52500,0,"Initial Stock: Blade 777 (2625 x 20)",2026-02-04,"2026-02-06 13:56:05",139,,,
83,20,Purchase,46500,0,"Restock: Blade Pro UK (Qty: 20)",2026-02-04,"2026-02-06 13:58:26",140,,,
84,20,Purchase,41800,0,"Initial Stock: Blade T-10 (20 x 2090)",2026-02-04,"2026-02-06 14:16:57",141,,,
85,20,Purchase,48000,0,"Initial Stock: Blade Silver star (20 x 2400)",2026-02-04,"2026-02-06 14:17:53",142,,,
86,21,Purchase,29000,29000,"Restock: Cotton Roll Special (Qty: 500)",2026-02-05,"2026-02-06 15:25:00",143,,,
698736822c027,21,"Purchase (Edited)",0,0,"Edited Restock: Cotton Roll Special (Qty: 0)",2026-02-05,"2026-02-07 13:56:34",135,,,
88,ADD_NEW,Purchase,20520,0,"Restock: Pari Hair remove brush (Qty: 27)",2026-02-07,"2026-02-07 14:19:49",145,,,
89,22,Purchase,30240,0,"Initial Stock: Panja Brush flower (864 x 35)",2026-02-06,"2026-02-07 16:50:50",146,,,
90,1,Purchase,90720,0,"Restock: Panja Brush flower (Qty: 2592)",2026-02-06,"2026-02-07 16:55:58",147,,,
91,23,Purchase,10080,0,"Initial Stock: Volume 20 devloper (48 x 210)",2026-02-07,"2026-02-07 17:00:08",148,,,
92,23,Purchase,13750,0,"Restock: Shaving Gell (Qty: 250)",2026-02-07,"2026-02-07 17:01:39",149,,,
698762af68e11,23,"Purchase (Edited)",15125,0,"Edited Restock: Shaving Gell (Qty: 275)",2026-02-06,"2026-02-07 17:05:03",144,,,
93,ADD_NEW,Purchase,410400,0,"Restock: Wajeeh Hair color tube (Qty: 7200)",2026-02-09,"2026-02-09 17:37:44",150,,,
94,1,Purchase,7680,0,"Restock: Alisha Black Mask local (Qty: 48)",2026-01-29,"2026-02-11 18:57:12",151,,,
96,23,Purchase,4500,0,"Restock: Shaving gell burni (Qty: 60)",2026-02-03,"2026-02-11 21:21:36",152,,,
97,23,Purchase,12375,0,"Restock: Shaving Gell (Qty: 225)",2026-02-03,"2026-02-11 21:22:42",153,,,
99,21,Purchase,47700,47700,"Restock: Cotton Roll local (Qty: 1500)",2026-02-09,"2026-02-12 07:54:48",155,,,
698d797e49739,1,"Purchase (Edited)",160920,160920,"Edited Restock: Alisha Facial kit Local (Qty: 596)",2026-02-09,"2026-02-12 07:55:58",154,,,
103,14,Purchase,75900,0,"Restock: Orchit Facial (Qty: 345)",2026-02-10,"2026-02-12 08:01:42",159,,,
104,24,Purchase,16200,0,"Initial Stock: Maaji powder (180 x 90)",2026-02-10,"2026-02-12 08:04:21",160,,,
105,20,Purchase,492250,0,"Initial Stock: Neck Roll (895 x 550)",2026-01-26,"2026-02-12 11:56:00",161,,,
106,20,Purchase,533225,0,"Initial Stock: Finix Foam (1939 x 275)",2026-01-26,"2026-02-12 12:06:26",162,,,
107,20,Purchase,564200,0,"Initial Stock: King Star Foam (2821 x 200)",2026-01-26,"2026-02-12 12:08:06",163,,,
108,20,Purchase,263640,0,"Initial Stock: King Hair Spray (1014 x 260)",2026-01-26,"2026-02-12 12:11:19",164,,,
109,20,Purchase,246000,0,"Initial Stock: Apple China Original 1 kg (164 x 1500)",2026-01-26,"2026-02-12 12:14:04",165,,,
110,20,Purchase,153000,0,"Initial Stock: Gallat Hair Straitner (510 x 300)",2026-01-26,"2026-02-12 12:17:01",166,,,
111,20,Purchase,28350,0,"Restock: Blade S-20 (Qty: 14)",2026-01-26,"2026-02-12 12:20:16",167,,,
112,20,Purchase,8360,0,"Restock: Blade T-10 (Qty: 4)",2026-01-26,"2026-02-12 12:21:34",168,,,
113,1,Purchase,71992.8,0,"Restock: 56 skin cleaner (Qty: 2160)",2026-01-29,"2026-02-12 14:37:08",169,,,
114,1,Purchase,119988,0,"Restock: 56 skin cleaner (Qty: 3600)",2026-01-31,"2026-02-12 14:37:51",170,,,
115,1,Purchase,252000,0,"Restock: Pak safe Disposable Razer (Qty: 700)",2026-02-03,"2026-02-12 14:41:09",171,,,
116,1,Purchase,158384.16,0,"Restock: 56 skin cleaner (Qty: 4752)",2026-02-03,"2026-02-12 14:41:45",172,,,
117,1,Purchase,40000,0,"Restock: Pak safe Disposable Razer (Qty: 100)",2026-02-04,"2026-02-12 14:42:47",173,,,
118,1,Purchase,230376.96,0,"Restock: 56 skin cleaner (Qty: 6912)",2026-02-05,"2026-02-12 15:34:52",174,,,
119,1,Purchase,64000,0,"Restock: Pak safe Disposable Razer (Qty: 160)",2026-02-05,"2026-02-12 15:40:02",175,,,
120,1,Purchase,80000,0,"Restock: Pak safe Disposable Razer (Qty: 200)",2026-02-07,"2026-02-12 15:41:26",176,,,
698de6e824430,1,"Purchase (Edited)",15400,0,"Edited Restock: Pak safe Disposable Razer (Qty: 40)",2026-02-07,"2026-02-12 15:42:48",177,,,
699,1,Purchase,7040,0,"Restock: Alisha Black Mask local (Qty: 44)",2026-02-09,"2026-02-12 15:43:46",178,,,
700,1,Purchase,62393.76,0,"Restock: 56 skin cleaner (Qty: 1872)",2026-02-10,"2026-02-12 15:45:01",179,,,
701,1,Purchase,8160,0,"Initial Stock: Ubtan Nikhar Facial (96 x 85)",2026-02-11,"2026-02-12 15:46:08",180,,,
702,1,Purchase,96000,0,"Restock: Pak safe Disposable Razer (Qty: 240)",2026-02-11,"2026-02-12 15:46:59",181,,,
703,20,Purchase,5200,0,"Restock: Jackson Foam (Qty: 26)",2026-01-24,"2026-02-12 17:37:18",182,,,
704,20,Debt,220800,0,"jackson foam purchse king star foam exchange kya",2026-01-24,"2026-02-12 17:39:58",,Cash,,
707,ADD_NEW,Purchase,50400,50400,"Restock: Apple tube color hair max (Qty: 360)",2026-02-11,"2026-02-13 14:27:05",184,,,
708,1,Payment,0,30000,"Shahid Shaving brush",2026-01-31,"2026-02-13 15:27:47",,Cash,,
710,15,Payment,0,86340,"bill clear",2026-02-04,"2026-02-13 15:49:52",,Cash,,
713,26,Debt,22500,0,"for tissue",2026-01-20,"2026-02-13 15:55:30",,Cash,,
714,26,Payment,0,22500,,2026-02-05,"2026-02-13 15:56:26",,Cash,,
715,20,Debt,22500,0,"Aijaz tissue ko dye",2026-02-05,"2026-02-13 15:57:03",,Cash,,
716,20,Debt,86340,0,"Furqan Garden",2026-02-04,"2026-02-13 16:05:11",,Cash,,
717,20,Debt,29000,0,"Irfan okara for cotton roll 500 pc",2026-02-05,"2026-02-13 16:07:00",,Cash,,
718,20,Debt,40500,0,"Cotton roll k 5 bore",2026-02-13,"2026-02-13 16:08:12",,Cash,,
719,20,Debt,410400,0,"Wajeeh color 7200 pc",2026-02-09,"2026-02-13 16:46:27",,Cash,,
720,20,Debt,29640,0,"Irfan Pari brush 39 dz",2026-01-25,"2026-02-13 17:04:25",,Cash,,
721,20,Debt,16000,0,"Ali raza ko dye",2026-01-25,"2026-02-13 17:06:10",,Cash,,
722,12,Purchase,91800,0,"Restock: Pretty cream (Qty: 1080)",2026-01-30,"2026-02-14 12:47:27",186,,,
723,25,Purchase,29640,29640,"Restock: Pari Hair remove brush (Qty: 39)",2026-01-24,"2026-02-14 15:52:24",187,,,
725,23,Purchase,17875,17875,"Restock: Shaving Gell (Qty: 325)",2026-02-14,"2026-02-14 16:26:11",188,,,
726,1,Purchase,119988,0,"Restock: 56 skin cleaner (Qty: 3600)",2026-02-14,"2026-02-14 16:32:58",189,,,
727,1,Purchase,10140,0,"Restock: Fareed karatin Curling Lotion (Qty: 39)",2026-02-14,"2026-02-14 16:35:08",190,,,
728,1,Purchase,1600,0,"Restock: Apple Hair max color satche (Qty: 10)",2026-02-14,"2026-02-14 16:36:01",191,,,
729,12,Purchase,42840,0,"Restock: Lolain Cream (Qty: 504)",2026-02-14,"2026-02-14 16:37:03",192,,,
730,20,Debt,500000,0,"Ravi Digital Print nose patti k dye",2026-02-13,"2026-02-14 16:52:11",,Cash,,
731,1,Purchase,86400,0,"Restock: Pak safe Disposable Razer (Qty: 240)",2026-02-16,"2026-02-16 11:53:12",193,,,
699305728857e,24,"Purchase (Edited)",62100,62100,"Edited Restock: Maaji powder (Qty: 690)",2026-02-16,"2026-02-16 12:54:26",194,,,
732,20,Purchase,22344,0,"Restock: Jolly Shaving cream (Qty: 168)",2026-02-16,"2026-02-16 14:03:15",195,,,
733,20,Purchase,195500,0,"Restock: Neck Roll (Qty: 340)",2026-02-16,"2026-02-16 14:06:51",196,,,
734,20,Purchase,62400,0,"Restock: King Hair Spray (Qty: 240)",2026-02-16,"2026-02-16 14:08:22",197,,,
735,20,Purchase,15360,0,"Restock: Glatt Hair Straitner (Qty: 48)",2026-02-16,"2026-02-16 14:09:40",198,,,
736,20,Purchase,79200,0,"Restock: Finix Foam (Qty: 288)",2026-02-16,"2026-02-16 14:10:47",199,,,
737,20,Purchase,57600,0,"Restock: King Star Foam (Qty: 288)",2026-02-16,"2026-02-16 14:13:00",200,,,
739,20,Purchase,184500,0,"Restock: Apple China Original 1 kg (Qty: 123)",2026-02-16,"2026-02-16 14:30:53",202,,,
6993321365829,3,"Purchase (Edited)",0,0,"Edited Restock: Cherri Hair remove brush (Qty: 800)",2026-01-24,"2026-02-16 16:04:51",39,Cash,,
699335abcc5df,3,"Purchase (Edited)",0,0,"Edited Restock: Vitamin C Facial kit (Qty: 17)",2026-01-24,"2026-02-16 16:20:11",28,Cash,,
699336,1,Payment,0,25000,,2026-02-16,"2026-02-17 06:28:00",,Online,,
6993ffd2e5d28,3,"Purchase (Edited)",0,0,"Edited Restock: Shower head color (Qty: 842)",2026-01-24,"2026-02-17 06:42:42",91,Cash,,
6994,20,Purchase,80500,0,"Restock: Neck Roll (Qty: 140)",2026-02-17,"2026-02-17 18:22:29",206,,,
6995,20,Purchase,48000,0,"Restock: King Star Foam (Qty: 240)",2026-02-17,"2026-02-17 18:23:24",207,,,
6996,20,Purchase,60480,0,"Restock: Electric hair color (Qty: 360)",2026-02-17,"2026-02-17 18:26:20",208,,,
6997,20,Purchase,66000,0,"Restock: Finix Foam (Qty: 240)",2026-02-17,"2026-02-17 18:28:33",209,,,
6998,20,Purchase,44999.976,0,"Restock: Jolly Shaving cream (Qty: 336)",2026-02-17,"2026-02-17 18:33:53",210,,,
6999,20,Purchase,48000,0,"Restock: King Star Foam (Qty: 240)",2026-02-18,"2026-02-18 14:32:55",211,,,
7000,20,Purchase,29004,0,"Initial Stock: Safex Razer (1200 x 24.17)",2026-02-17,"2026-02-19 08:47:18",212,,,
7001,20,Purchase,1599.84,0,"Initial Stock: Pari Brush pcs (24 x 66.66)",2026-02-18,"2026-02-19 09:57:10",213,,,
6996d0b047532,20,"Purchase (Edited)",16000,0,"Edited Restock: Pari Hair remove brush (Qty: 20)",2026-02-16,"2026-02-19 09:58:24",201,,,
7002,20,Purchase,3960,0,"Initial Stock: Apple Satche Pak (72 x 55)",2026-01-24,"2026-02-19 10:34:38",214,,,
7003,20,Purchase,11500,0,"Restock: Neck Roll (Qty: 20)",2026-02-18,"2026-02-20 07:14:28",215,,,
7004,20,Purchase,11500,0,"Restock: Neck Roll (Qty: 20)",2026-02-19,"2026-02-20 07:15:25",216,,,
7005,20,Purchase,22499.988,0,"Restock: Jolly Shaving cream (Qty: 168)",2026-02-19,"2026-02-20 07:20:23",217,,,
7006,20,Purchase,31200,0,"Restock: Alisha Facial kit Original (Qty: 96)",2026-02-19,"2026-02-20 07:22:51",218,,,
7007,10,Purchase,120000,0,"Restock: Tissue Asmani (Qty: 800)",2026-02-19,"2026-02-20 08:47:21",219,,,
7008,10,Purchase,105000,0,"Restock: White Special Tissue (Qty: 500)",2026-02-19,"2026-02-20 08:48:46",220,,,
7009,3,Advance,0,632500,"Advance Payment for items",2026-02-20,"2026-02-20 14:01:05",,Online,,
7010,1,Payment,0,76000,,2026-02-20,"2026-02-20 14:08:44",,Online,,
7011,1,Payment,0,132500,,2026-02-20,"2026-02-20 14:09:22",,Online,,
7012,1,Payment,0,100000,"Mukamil ko dilwaye",2026-02-20,"2026-02-20 14:14:49",,Online,,
7013,1,Payment,0,10000,"Cash lye",2026-02-20,"2026-02-20 14:15:17",,Cash,,
7014,23,Purchase,40320,0,"Restock: Volume 20 devloper (Qty: 192)",2026-02-20,"2026-02-21 07:25:58",221,,,
7015,20,Purchase,9400,0,"Initial Stock: Trimer Machine VGR-071 (5 x 1880)",2026-02-20,"2026-02-21 07:36:44",222,,,
7016,20,Purchase,10900,0,"Initial Stock: Trimer Machine VGR-964 (5 x 2180)",2026-02-20,"2026-02-21 07:38:02",223,,,
7017,20,Purchase,7900,0,"Initial Stock: Trimer Machine Dingling D-071 (5 x 1580)",2026-02-20,"2026-02-21 07:38:58",224,,,
7018,20,Purchase,8400,0,"Initial Stock: Trimer Machine Dingling D-290 (5 x 1680)",2026-02-20,"2026-02-21 07:39:53",225,,,
7019,20,Purchase,35000,0,"Restock: Crystal Hair remove brush (Qty: 100)",2026-02-20,"2026-02-21 07:40:56",226,,,
7020,1,Payment,0,66200,"syed muthair shah",2026-02-20,"2026-02-21 07:48:55",,Online,,
7021,27,Purchase,92000,0,"Restock: Tissue Party pink 700 gm (Qty: 575)",2026-02-12,"2026-02-21 08:16:12",227,,,
7022,27,Purchase,50400,0,"Restock: Party Pack Tissue 230 gm (Qty: 900)",2026-02-21,"2026-02-21 08:17:29",228,,,
69995cab44090,20,"Purchase (Edited)",71100,0,"Edited Restock: Tissue Party pink 700 gm (Qty: 450)",2026-01-22,"2026-02-21 08:20:11",120,,,
69995d02a76c5,20,"Purchase (Edited)",46400,0,"Edited Restock: Party Pack Tissue 230 gm (Qty: 800)",2026-01-22,"2026-02-21 08:21:38",121,,,
69995d2d89657,20,"Purchase (Edited)",120000,0,"Edited Restock: White Special Tissue (Qty: 600)",2026-01-22,"2026-02-21 08:22:21",122,,,
69995ee1c4850,10,"Purchase (Edited)",24000,0,"Edited Restock: Tissue Party pink 700 gm (Qty: 150)",2026-02-10,"2026-02-21 08:29:37",158,,,
69995f01aa5d6,10,"Purchase (Edited)",58500,0,"Edited Restock: Tissue Asmani (Qty: 390)",2026-02-10,"2026-02-21 08:30:09",157,,,
69995f1e61691,10,"Purchase (Edited)",105000,0,"Edited Restock: White Special Tissue (Qty: 500)",2026-02-10,"2026-02-21 08:30:38",156,,,
69995f9c64eab,10,"Purchase (Edited)",0,0,"Edited Restock: Party Pack Tissue 230 gm (Qty: 720)",2026-01-24,"2026-02-21 08:32:44",92,Cash,,
69995fb4d609b,10,"Purchase (Edited)",0,0,"Edited Restock: White Special Tissue (Qty: 500)",2026-01-24,"2026-02-21 08:33:08",95,Cash,,
69995fc80bb32,10,"Purchase (Edited)",0,0,"Edited Restock: Baby Pink Tissue (Qty: 15)",2026-01-24,"2026-02-21 08:33:28",96,Cash,,
69997a0b604e6,20,"Purchase (Edited)",540,0,"Edited Restock: Comb- TH &amp; Tony peace (Qty: 36)",2026-01-24,"2026-02-21 10:25:31",205,,,
69997a37b0f6c,20,"Purchase (Edited)",2880,0,"Edited Restock: Comb 8 &#039;&#039; peace (Qty: 144)",2026-01-24,"2026-02-21 10:26:15",204,,,
69997a4d662bd,20,"Purchase (Edited)",1296,0,"Edited Restock: Comb 7.5 &#039;&#039; peace (Qty: 144)",2026-01-24,"2026-02-21 10:26:37",203,,,
69997a6137312,20,"Purchase (Edited)",1050,1050,"Edited Restock: Comb- Kanga cute (Qty: 3)",2026-01-24,"2026-02-21 10:26:57",8,,,
7025,14,Purchase,74360,0,"Restock: Orchit Facial (Qty: 338)",2026-02-21,"2026-02-21 13:56:11",231,,,
7026,1,Payment,0,63000,,2026-02-23,"2026-02-24 11:12:33",,Online,,
7027,28,Debt,475000,0,"last payment 6-1-26 bill clear
 ab tk ka udhar",2026-01-23,"2026-02-24 18:10:16",,Cash,,
7028,28,Purchase,95999.04,0,"Restock: 56 skin cleaner (Qty: 2880)",2026-01-27,"2026-02-24 18:12:18",232,,,
7029,28,Purchase,23999.76,0,"Restock: 56 skin cleaner (Qty: 720)",2026-01-29,"2026-02-24 18:13:01",233,,,
7030,28,Purchase,71999.28,0,"Restock: 56 skin cleaner (Qty: 2160)",2026-02-07,"2026-02-24 18:13:41",234,,,
7031,28,Purchase,47999.52,0,"Restock: 56 skin cleaner (Qty: 1440)",2026-02-10,"2026-02-24 18:14:08",235,,,
7032,28,Purchase,119998.8,0,"Restock: 56 skin cleaner (Qty: 3600)",2026-02-18,"2026-02-24 18:14:49",236,,,
7033,20,Purchase,12500,0,"Restock: Neck Roll (Qty: 20)",2026-02-21,"2026-02-25 12:07:52",237,,,
7034,20,Purchase,40000,0,"Restock: Shahzad Disposable Razer (Qty: 100)",2026-02-21,"2026-02-25 12:13:37",238,,,
7035,20,Purchase,12500,0,"Restock: Neck Roll (Qty: 20)",2026-02-23,"2026-02-25 12:14:17",239,,,
7036,20,Purchase,65000,0,"Restock: Nose Strip-Patti (Qty: 5000)",2026-02-23,"2026-02-25 12:15:03",240,,,
7037,20,Purchase,26400,0,"Restock: Finix Foam (Qty: 96)",2026-02-23,"2026-02-25 12:17:10",241,,,
7038,20,Purchase,36000,0,"Restock: Apple China Original 1 kg (Qty: 24)",2026-02-24,"2026-02-25 12:18:48",242,,,
7039,20,Purchase,37440,0,"Restock: King Hair Spray (Qty: 144)",2026-02-24,"2026-02-25 12:19:47",243,,,
7040,20,Purchase,66000,0,"Restock: Finix Foam (Qty: 240)",2026-02-24,"2026-02-25 12:20:28",244,,,
7041,20,Purchase,65000,0,"Restock: Nose Strip-Patti (Qty: 5000)",2026-02-24,"2026-02-25 12:24:42",246,,,
7042,20,Purchase,37500,0,"Restock: Neck Roll (Qty: 60)",2026-02-24,"2026-02-25 12:25:35",247,,,
7043,20,Purchase,15360,0,"Restock: Glatt Hair Straitner (Qty: 48)",2026-02-24,"2026-02-25 12:27:01",248,,,
7044,20,Purchase,32100,0,"Initial: Finix Hair Spray",2026-02-25,"2026-02-25 12:29:31",249,,,
699ee92596124,29,"Purchase (Edited)",33000,0,"Edited Restock: PZ Ustra (Qty: 50)",2026-02-24,"2026-02-25 17:20:53",252,,,
699ee93d7b8d9,29,"Purchase (Edited)",9828,0,"Edited Restock: Scissors Normal (Qty: 84)",2026-02-24,"2026-02-25 17:21:17",250,,,
699ee9f7c89ea,29,"Purchase (Edited)",44352,0,"Edited Restock: Scissors Special (Qty: 264)",2026-02-24,"2026-02-25 17:24:23",251,,,
699eea966ed73,29,"Purchase (Edited)",2700,0,"Edited Restock: Chimiti (Qty: 6)",2026-02-24,"2026-02-25 17:27:02",253,,,
699f2e00836f9,20,"Purchase (Edited)",5400,0,"Edited Restock: Trimer Machine V-949 (Qty: 2)",2026-02-24,"2026-02-25 22:14:40",254,,,
7045,20,Purchase,4300,0,"Initial: Trimer Machine VGR V-964",2026-02-25,"2026-02-25 22:27:36",255,,,
7046,20,Purchase,5600,0,"Initial: Trimer Machine Kemyi 511",2026-02-25,"2026-02-25 22:31:25",256,,,
7047,20,Purchase,7100,0,"Initial: Trimer Machine Dingling RF-1861",2026-02-25,"2026-02-25 22:32:53",257,,,
7048,20,Purchase,9700,0,"Initial: Trimer Machine Dingling RF-1983 S",2026-02-25,"2026-02-25 22:34:05",258,,,
7049,20,Purchase,6860,0,"Initial: Trimer Machine VGR V-652",2026-02-25,"2026-02-25 22:35:52",259,,,
7050,20,Purchase,5700,0,"Initial: Trimer Machine VGR V-282",2026-02-25,"2026-02-25 22:37:19",260,,,
7051,20,Purchase,4800,0,"Initial: Trimer Machine Kemyi 519-A",2026-02-25,"2026-02-25 22:40:16",261,,,
7052,20,Purchase,3000,0,"Initial: Trimer Machine Dingling RF-1636",2026-02-25,"2026-02-25 22:41:37",262,,,
7053,1,Payment,0,100000,"Asmatullah Pathan",2026-01-25,"2026-02-25 23:25:19",,Online,,
7054,1,Payment,0,100000,"Needs Marketing",2026-01-25,"2026-02-25 23:25:53",,Online,,
7055,1,Payment,0,100000,"Ahsan Gul Account",2026-01-25,"2026-02-25 23:26:28",,Online,,
7056,1,Payment,0,100000,"Shahzaib enterprises",2026-01-25,"2026-02-25 23:26:54",,Online,,
7057,1,Advance,0,518380,"Arif bhai sy mangty hen",2026-01-25,"2026-02-25 23:28:26",,Cash,,
7058,1,Payment,0,100000,"Nazar and Sons",2026-01-31,"2026-02-25 23:55:43",,Online,,
7059,20,Purchase,41000,0,"Restock: Blade S-20 (Qty: 20)",2026-02-21,"2026-02-26 12:06:23",263,,,
7060,20,Purchase,139500,0,"Restock: Blade Pro UK (Qty: 60)",2026-02-21,"2026-02-26 12:07:20",264,,,
7062,20,Purchase,42500,0,"Restock: Blade Silk (Qty: 20)",2026-02-21,"2026-02-26 12:09:50",266,,,
7063,20,Purchase,40500,0,"Initial: Blade Rk patty",2026-02-26,"2026-02-26 12:11:11",267,,,
7064,20,Purchase,41500,0,"Initial: Blade Rk Platinium",2026-02-26,"2026-02-26 12:14:09",268,,,
7065,20,Purchase,47500,0,"Initial: Blade Asco",2026-02-26,"2026-02-26 12:15:34",269,,,
7066,20,Purchase,40500,0,"Initial: Blade Clean shave",2026-02-26,"2026-02-26 12:18:01",270,,,
7067,16,Advance,0,30000,"Advance Payment Shaving brush",2026-02-26,"2026-02-26 22:08:30",,Online,,
7068,10,Payment,0,363360,"IS ko maal dya",2026-01-15,"2026-02-27 12:27:54",,Cash,,
69a1487296d83,20,"Purchase (Edited)",22500,0,"Edited Restock: Tissue Asmani (Qty: 150)",2026-01-20,"2026-02-27 12:32:02",123,,,
69a14913160fe,20,"Purchase (Edited)",27650,27650,"Edited Restock: Tissue Party pink 700 gm (Qty: 175)",2026-01-24,"2026-02-27 12:34:43",60,,,
69a14941c27c8,20,"Purchase (Edited)",56250,56250,"Edited Restock: Tissue Asmani (Qty: 375)",2026-01-24,"2026-02-27 12:35:29",61,,,
69a1498baa2e1,10,"Purchase (Edited)",1392,0,"Edited Restock: Party Pack Tissue 230 gm (Qty: 24)",2026-02-05,"2026-02-27 12:36:43",137,,,
69a1681f0d8fb,20,"Purchase (Edited)",16740,11160,"Edited Restock: Versino Hair color (Qty: 108)",2026-01-24,"2026-02-27 14:47:11",14,,,
7069,28,Payment,0,834996.4,"822500 paid baqi discount mn clear hoga",2026-02-27,"2026-02-27 21:38:41",,Online,,
7070,10,Payment,0,300000,,2026-02-27,"2026-02-27 21:43:56",,Online,,
7071,27,Payment,0,142000,,2026-02-27,"2026-02-27 21:45:50",,Online,,
7072,30,Debt,97500,0,"Aj tk ka udhar",2026-01-27,"2026-02-27 21:59:51",,Cash,,
7073,30,Payment,0,97500,,2026-02-27,"2026-02-27 22:00:08",,Online,,
7074,20,Purchase,46800,0,"Restock: Shahzad Disposable Razer (Qty: 120)",2026-02-27,"2026-02-28 14:11:57",271,,,
7075,20,Purchase,14700,0,"Restock: Trimer Machine Kemyi 519-A (Qty: 6)",2026-02-27,"2026-02-28 14:12:52",272,,,
7076,20,Purchase,15000,0,"Initial: Trimer Machine Dingling RF-609 pro",2026-02-27,"2026-02-28 14:14:42",273,,,
7077,3,Purchase,129600,0,"Restock: Lahori Facial kit (Qty: 144)",2026-02-28,"2026-02-28 14:44:30",274,,,
7078,3,Purchase,63000,0,"Restock: Shower head color (Qty: 2100)",2026-02-28,"2026-02-28 14:45:03",275,,,
7079,3,Purchase,17500,0,"Restock: Shower head black (Qty: 500)",2026-02-28,"2026-02-28 14:45:21",276,,,
7080,3,Purchase,24000,0,"Initial: JJ Shower Color copy",2026-02-28,"2026-02-28 14:48:44",277,,,
7081,3,Purchase,11400,0,"Initial: JJ Shower Color copy small",2026-02-28,"2026-02-28 14:49:44",278,,,
7082,3,Purchase,134000,0,"Restock: Crystal Hair remove brush (Qty: 400)",2026-02-28,"2026-02-28 14:51:45",279,,,
7083,3,Purchase,28800,0,"Restock: Hair natro Wax (Qty: 144)",2026-02-28,"2026-02-28 14:56:20",280,,,
7084,3,Purchase,38400,0,"Initial: Steel Cup",2026-02-28,"2026-02-28 14:58:05",281,,,
7085,3,Purchase,17000,0,"Restock: Cherri Hair remove brush (Qty: 200)",2026-02-28,"2026-02-28 14:58:47",282,,,
7086,3,Purchase,16000,0,"Initial: Pak Plastic Ruber cup",2026-02-28,"2026-02-28 15:00:08",283,,,
7087,3,Purchase,6500,0,"Initial: Disposible chadar",2026-02-28,"2026-02-28 15:06:43",284,,,
7088,20,Purchase,13920,0,"Restock: Wajeeh Hair color tube (Qty: 240)",2026-02-27,"2026-02-28 15:18:20",285,,,
7089,20,Purchase,32400,0,"Initial: Facial Kit mix AB",2026-02-27,"2026-02-28 15:21:42",286,,,
7090,20,Purchase,6240,0,"Initial: Gosny Apple kit",2026-02-27,"2026-02-28 15:30:38",287,,,
7091,20,Purchase,19000,0,"Initial: Silky Cool Origional Facial kit",2026-02-27,"2026-02-28 15:32:32",288,,,
7092,20,Purchase,16800,0,"Initial: Zafrani milk Facial kit",2026-02-27,"2026-02-28 15:34:14",289,,,
7093,20,Purchase,43200,0,"Initial: Chadar Print china",2026-02-27,"2026-02-28 15:35:24",290,,,
7094,20,Purchase,17200,0,"Initial: Blue Tox Bottle",2026-02-27,"2026-02-28 15:51:27",291,,,
7095,20,Purchase,450,0,"Initial: Alovera Gel jar",2026-02-27,"2026-02-28 16:04:40",292,,,
7096,20,Purchase,6875,0,"Initial: Wax Jar 300 gm",2026-02-27,"2026-02-28 16:10:54",293,,,
7097,20,Purchase,1050,0,"Initial: Osny Polish pkt",2026-02-27,"2026-02-28 16:12:01",294,,,
7098,20,Purchase,320,0,"Initial: JK Polish vol-20",2026-02-27,"2026-02-28 16:13:12",295,,,
7099,20,Purchase,280,0,"Initial: JK Polish Powder",2026-02-27,"2026-02-28 16:14:24",296,,,
7100,20,Purchase,6000,0,"Initial: Bremod Conditiner and Shampo bottle",2026-02-27,"2026-02-28 16:16:14",297,,,
7103,20,Purchase,24500,0,"Restock: Trimer Machine Kemyi 519-A (Qty: 10)",2026-02-27,"2026-02-28 16:39:35",300,,,
7104,20,Purchase,14250,0,"Restock: Trimer Machine Kemyi 511 (Qty: 5)",2026-02-27,"2026-02-28 16:40:10",301,,,
7105,20,Purchase,7300,0,"Restock: Trimer Machine Dingling RF-1861 (Qty: 2)",2026-02-27,"2026-02-28 16:42:31",302,,,
7106,20,Purchase,9450,0,"Initial: Trimer Machine Dingling RF-1981",2026-02-27,"2026-02-28 18:14:36",303,,,
7107,20,Purchase,16000,0,"Initial: Trimer Machine Dingling RF-696",2026-02-27,"2026-02-28 18:15:51",304,,,
7108,20,Purchase,11000,0,"Initial: Trimer Machine Dingling RF-1972",2026-02-27,"2026-02-28 18:17:03",305,,,
7109,20,Purchase,9600,0,"Initial: Trimer Machine Dingling RF-1982",2026-02-27,"2026-02-28 18:18:29",306,,,
7110,20,Purchase,3600,0,"Restock: Trimer Machine VGR-071 (Qty: 2)",2026-02-27,"2026-02-28 18:19:07",307,,,
7111,20,Purchase,8400,0,"Restock: Trimer Machine V-949 (Qty: 3)",2026-02-27,"2026-02-28 18:20:15",308,,,
7112,20,Purchase,3530,0,"Restock: Trimer Machine VGR V-652 (Qty: 1)",2026-02-27,"2026-02-28 18:21:23",309,,,
7113,20,Purchase,5900,0,"Restock: Trimer Machine VGR V-282 (Qty: 2)",2026-02-27,"2026-02-28 18:22:27",310,,,
7114,20,Purchase,2400,0,"Initial: Trimer Machine VGR V-353",2026-02-27,"2026-02-28 18:23:33",311,,,
7115,20,Purchase,3600,0,"Initial: Trimer Machine Gemy 6050",2026-02-27,"2026-02-28 18:24:54",312,,,
7116,20,Purchase,2400,0,"Initial: Trimer Machine Kemyi 3 in 1 mix",2026-02-27,"2026-02-28 18:27:44",313,,,
7117,20,Purchase,12600,0,"Initial: Trimer Machine Dingling RF-1985",2026-02-27,"2026-02-28 18:29:14",314,,,
7118,20,Purchase,36750,0,"Restock: Trimer Machine Dingling RF-609 pro (Qty: 15)",2026-02-27,"2026-02-28 18:30:23",315,,,
7119,1,Purchase,219120,219120,"Restock: Dettol Ltr (Qty: 264)",2026-02-27,"2026-03-02 12:38:27",316,,,
7120,20,Purchase,1060,0,"Initial: Blade Silk pcs",2026-01-24,"2026-03-02 15:02:52",317,,,
7121,20,Purchase,1160,0,"Initial: Blade Pro UK pcs",2026-01-24,"2026-03-02 15:04:20",318,,,
7122,20,Purchase,533.28,0,"Restock: Pari Brush pcs (Qty: 8)",2026-01-24,"2026-03-02 15:05:28",319,,,
7123,20,Purchase,3800,0,"Restock: Hair natro Wax (Qty: 19)",2026-01-24,"2026-03-02 15:15:16",320,,,
7124,20,Purchase,1596,0,"Initial: Scissor Jagwar Pcs",2026-01-24,"2026-03-02 15:18:53",321,,,
7125,20,Purchase,2450,0,"Restock: Shower head black (Qty: 70)",2026-01-24,"2026-03-02 15:28:39",322,,,
7126,20,Purchase,450,0,"Restock: Shower head color (Qty: 15)",2026-01-24,"2026-03-02 15:29:17",323,,,
69a5717132417,7,"Purchase (Edited)",19968,19968,"Edited Restock: CB Special Hair remove brush (Qty: 192)",2026-03-02,"2026-03-02 16:16:01",324,,,
7127,7,Purchase,34000,34000,"Restock: Armetic Hair remove brush (Qty: 40)",2026-03-02,"2026-03-02 16:17:07",325,,,
7128,1,Purchase,75600,0,"Restock: Crystal snow cream (Qty: 1080)",2026-02-24,"2026-03-02 16:23:49",326,,,
7129,1,Purchase,194880,0,"Restock: Crystal snow cream (Qty: 2784)",2026-02-27,"2026-03-02 16:24:24",327,,,
7130,20,Purchase,1185,0,"Initial: Blade Ok pcs",2026-01-24,"2026-03-02 19:52:17",328,,,
7131,30,Purchase,78000,0,"Restock: Chadar sada (Qty: 400)",2026-03-02,"2026-03-03 12:38:08",329,,,
7132,16,Purchase,32200,0,"Restock: Shaving Brush (Qty: 28)",2026-03-02,"2026-03-03 12:44:09",330,,,
7134,10,Purchase,96000,0,"Restock: Tissue Party pink 700 gm (Qty: 600)",2026-02-28,"2026-03-03 13:01:06",332,,,
7135,10,Purchase,22500,0,"Initial: Tissue Party pink 1 kg",2026-02-28,"2026-03-03 13:02:11",333,,,
7136,1,Purchase,213840,213840,"Restock: Alisha Facial kit Local (Qty: 792)",2026-03-03,"2026-03-03 13:10:32",334,,,
7137,1,Purchase,63240,0,"Restock: Scrab Ltr (Qty: 408)",2026-02-27,"2026-03-03 13:17:10",335,,,
69a6993a98a92,10,"Purchase (Edited)",114000,0,"Edited Restock: White Tissue Normal (Qty: 760)",2026-02-28,"2026-03-03 13:18:02",331,,,
7138,20,Purchase,44530,0,"Restock: Wax Jar 300 gm (Qty: 73)",2026-02-28,"2026-03-03 20:50:26",336,,,
7139,20,Purchase,30720,0,"Restock: Finix Hair Spray (Qty: 96)",2026-02-28,"2026-03-03 20:51:17",337,,,
7140,20,Purchase,22499.988,0,"Restock: Jolly Shaving cream (Qty: 168)",2026-02-28,"2026-03-03 20:53:29",338,,,
7141,20,Purchase,25000,0,"Restock: Neck Roll (Qty: 40)",2026-02-28,"2026-03-03 20:54:09",339,,,
7142,20,Purchase,14400,0,"Restock: Pari Hair remove brush (Qty: 18)",2026-02-28,"2026-03-03 20:55:25",340,,,
7143,20,Purchase,75000,0,"Restock: Neck Roll (Qty: 120)",2026-03-02,"2026-03-03 20:57:03",341,,,
7144,20,Purchase,39000,0,"Restock: Shahzad Disposable Razer (Qty: 100)",2026-03-02,"2026-03-03 20:57:53",342,,,
7145,20,Purchase,60480,0,"Restock: Electric hair color (Qty: 360)",2026-03-02,"2026-03-03 20:59:15",343,,,
7146,20,Purchase,48000,0,"Restock: King Star Foam (Qty: 240)",2026-03-02,"2026-03-03 21:00:07",344,,,
7147,20,Purchase,22499.988,0,"Restock: Jolly Shaving cream (Qty: 168)",2026-03-02,"2026-03-03 21:00:42",345,,,
7148,20,Purchase,31968,0,"Initial: Finix Hair Shiner",2026-03-02,"2026-03-03 21:02:42",346,,,
7149,20,Purchase,76800,0,"Restock: Finix Hair Spray (Qty: 240)",2026-03-02,"2026-03-03 21:03:24",347,,,
7150,20,Purchase,79200,0,"Restock: Finix Foam (Qty: 288)",2026-03-02,"2026-03-03 21:04:38",348,,,
7151,20,Purchase,69600,0,"Restock: Wajeeh Hair color tube (Qty: 1200)",2026-03-02,"2026-03-03 21:05:48",349,,,
7152,20,Purchase,48320,0,"Initial: Safex Platinium Razer",2026-03-02,"2026-03-03 21:11:58",350,,,
7154,20,Purchase,23400,0,"Restock: Trimer Machine Gemy 6050 (Qty: 13)",2026-03-02,"2026-03-03 21:51:04",352,,,
7155,20,Purchase,31000,0,"Restock: Trimer Machine Dingling RF-1985 (Qty: 10)",2026-03-02,"2026-03-03 21:51:45",353,,,
7156,20,Purchase,15500,0,"Restock: Trimer Machine Dingling RF-1981 (Qty: 5)",2026-03-02,"2026-03-03 21:55:09",354,,,
7157,20,Purchase,28600,0,"Restock: Trimer Machine VGR-964 (Qty: 13)",2026-03-02,"2026-03-03 22:02:53",355,,,
7158,20,Purchase,14400,0,"Restock: Trimer Machine Dingling D-071 (Qty: 9)",2026-03-02,"2026-03-03 22:03:40",356,,,
7159,20,Purchase,28900,0,"Restock: Trimer Machine Dingling D-290 (Qty: 17)",2026-03-02,"2026-03-03 22:05:17",357,,,
7160,20,Purchase,56350,0,"Restock: Trimer Machine Dingling RF-609 pro (Qty: 23)",2026-03-02,"2026-03-03 22:06:53",358,,,
7161,20,Purchase,20150,0,"Restock: Trimer Machine Dingling RF-1636 (Qty: 13)",2026-03-02,"2026-03-03 22:08:04",359,,,
7162,20,Purchase,840,0,"Restock: Alovera Gel jar (Qty: 12)",2026-03-02,"2026-03-03 22:09:12",360,,,
7163,20,Purchase,4800,0,"Restock: Trimer Machine VGR V-353 (Qty: 4)",2026-03-02,"2026-03-03 22:09:47",361,,,
7164,20,Purchase,11200,0,"Initial: Trimer Machine Dingling RF-1981 c.cash",2026-03-02,"2026-03-03 22:14:35",362,,,
7165,20,Purchase,14400,0,"Restock: Chadar Print china (Qty: 40)",2026-03-02,"2026-03-03 22:15:31",363,,,
7166,20,Purchase,43920,0,"Restock: Trimer Machine Kemyi 3 in 1 mix (Qty: 36)",2026-03-02,"2026-03-03 22:16:48",364,,,
7167,20,Purchase,12600,0,"Initial: Osny Facial Tube kit",2026-03-02,"2026-03-03 22:19:09",365,,,
7168,20,Purchase,3400,0,"Restock: Gosny Apple kit (Qty: 2)",2026-03-02,"2026-03-03 22:20:51",366,,,
69a722a34d4f9,20,"Purchase (Edited)",1700,0,"Edited Restock: Facial Tube kit Cerave (Qty: 2)",2026-02-27,"2026-03-03 23:04:19",298,,,
69a722bf46883,20,"Purchase (Edited)",65700,0,"Edited Restock: Hair Capsule jar (Qty: 180)",2026-03-02,"2026-03-03 23:04:47",351,,,
69a722d9d510c,20,"Purchase (Edited)",7300,0,"Edited Restock: Hair Capsule jar (Qty: 20)",2026-02-27,"2026-03-03 23:05:13",299,,,
7169,20,Purchase,3600,0,"Initial: Gel Burni newfag",2026-03-02,"2026-03-04 11:14:02",367,,,
7170,20,Purchase,62400,0,"Restock: King Hair Spray (Qty: 240)",2026-01-26,"2026-03-04 15:02:38",368,,,
7171,20,Purchase,153600,0,"Restock: Glatt Hair Straitner (Qty: 480)",2026-01-26,"2026-03-04 15:03:36",369,,,
7172,20,Purchase,108000,0,"Restock: Apple China Original 1 kg (Qty: 72)",2026-01-26,"2026-03-04 15:04:50",370,,,
7173,20,Purchase,25000.32,0,"Restock: King Hair Spray (Qty: 96)",2026-03-03,"2026-03-04 16:06:44",371,,,
7174,20,Purchase,1200,0,"Initial: Ustra pcs",2026-01-26,"2026-03-04 17:09:18",372,,,
7175,20,Purchase,360,0,"Initial: Color Piyali",2026-01-26,"2026-03-04 17:10:35",373,,,
69a8282ca050b,20,"Purchase (Edited)",6200,1400,"Edited Restock: Hair natro Wax (Qty: 31)",2026-01-24,"2026-03-04 17:40:12",97,,,
69a828673b64d,20,"Purchase (Edited)",14790,14790,"Edited Restock: Moon Ustra (Qty: 17)",2026-01-24,"2026-03-04 17:41:11",68,,,
7176,20,Purchase,3480,0,"Restock: Moon Ustra (Qty: 4)",2026-02-04,"2026-03-04 17:42:26",374,,,
7177,20,Purchase,4800,0,"Restock: Hair natro Wax (Qty: 24)",2026-02-04,"2026-03-04 17:43:43",375,,,
7178,20,Purchase,6360,0,"Restock: Gellme Shaving foam (Qty: 24)",2026-02-08,"2026-03-04 17:44:53",376,,,
7179,20,Purchase,1200,0,"Initial: Shower Complete",2026-01-26,"2026-03-04 22:53:17",377,,,
7180,20,Purchase,8760,0,"Restock: Hair Capsule jar (Qty: 24)",2026-01-26,"2026-03-04 22:55:04",378,,,
7181,20,Purchase,2120,0,"Restock: Blade Silk pcs (Qty: 10)",2026-03-02,"2026-03-05 11:50:46",379,,,
7182,20,Purchase,2320,0,"Restock: Blade Pro UK pcs (Qty: 10)",2026-03-01,"2026-03-05 11:51:31",380,,,
7183,20,Purchase,1330,0,"Restock: Scissor Jagwar Pcs (Qty: 10)",2026-03-01,"2026-03-05 12:07:23",381,,,
7184,20,Purchase,2020,0,"Initial: Blade Rk pcs",2026-03-01,"2026-03-05 12:33:33",382,,,
7185,14,Purchase,71280,0,"Restock: Orchit Facial (Qty: 324)",2026-03-05,"2026-03-05 16:46:04",383,,,
7186,20,Purchase,19200,0,"Restock: King Star Foam (Qty: 96)",2026-03-04,"2026-03-05 17:56:33",384,,,
7187,20,Purchase,26400,0,"Restock: Finix Foam (Qty: 96)",2026-03-04,"2026-03-05 17:57:07",385,,,
7188,20,Purchase,21000,0,"Initial: Disposible Puff",2026-03-04,"2026-03-05 17:59:07",386,,,
7189,20,Purchase,12500,0,"Restock: Neck Roll (Qty: 20)",2026-03-05,"2026-03-05 18:09:26",387,,,
7190,20,Purchase,24192,0,"Restock: Electric hair color (Qty: 144)",2026-03-05,"2026-03-05 18:10:57",388,,,
7191,20,Purchase,14499.6,0,"Restock: Safex Platinium Razer (Qty: 12)",2026-03-05,"2026-03-05 18:12:21",389,,,
7192,20,Purchase,9300,0,"Restock: Trimer Machine Dingling RF-1981 (Qty: 3)",2026-03-05,"2026-03-05 18:12:51",390,,,
7193,20,Purchase,1400,0,"Restock: Osny Facial Tube kit (Qty: 1)",2026-03-05,"2026-03-05 18:13:16",391,,,
7194,20,Purchase,7350,0,"Restock: Trimer Machine Dingling RF-609 pro (Qty: 3)",2026-03-05,"2026-03-05 18:13:55",392,,,
7195,20,Purchase,7750,0,"Restock: Trimer Machine Dingling RF-1636 (Qty: 5)",2026-03-05,"2026-03-05 18:14:23",393,,,
7196,20,Purchase,10200,0,"Restock: Trimer Machine Dingling D-290 (Qty: 6)",2026-03-05,"2026-03-05 18:14:50",394,,,
7197,20,Purchase,1800,0,"Restock: Trimer Machine Gemy 6050 (Qty: 1)",2026-03-05,"2026-03-05 18:15:14",395,,,
7198,20,Purchase,4800,0,"Restock: Trimer Machine Dingling D-071 (Qty: 3)",2026-03-05,"2026-03-05 18:15:43",396,,,
7199,20,Purchase,6600,0,"Restock: Trimer Machine VGR-964 (Qty: 3)",2026-03-05,"2026-03-05 18:16:30",397,,,
7200,20,Purchase,1110,0,"Restock: Wax Satche (Qty: 6)",2026-01-26,"2026-03-05 22:12:04",398,,,
7201,20,Purchase,375,0,"Initial: Shahzad ustra pcs",2026-01-26,"2026-03-05 22:23:29",399,,,
7202,3,Purchase,5400,0,"Restock: Lahori Facial kit (Qty: 6)",2026-03-04,"2026-03-06 12:09:31",400,,,
7203,3,Purchase,54000,0,"Restock: Wax bottle (Qty: 72)",2026-03-04,"2026-03-06 12:10:42",401,,,
7204,3,Purchase,36000,0,"Restock: Comb- Kanga TH and tony (Qty: 200)",2026-03-04,"2026-03-06 12:11:09",402,,,
7205,3,Purchase,28500,0,"Restock: Showel black bottle (Qty: 300)",2026-03-04,"2026-03-06 12:12:22",403,,,
7206,3,Purchase,36000,0,"Initial: Chadar print special",2026-03-04,"2026-03-06 12:14:26",404,,,
7207,3,Purchase,23400,0,"Initial: Steel Rubber Cup",2026-03-04,"2026-03-06 12:15:28",405,,,
7208,3,Purchase,12000,0,"Initial: Rubber Cup local",2026-03-04,"2026-03-06 12:16:21",406,,,
7209,3,Purchase,4000,0,"Restock: Curling Hadi shoper (Qty: 32)",2026-03-04,"2026-03-06 12:17:24",407,,,
7210,3,Payment,0,53000,"10 cotton 56 k dye ..",2026-02-09,"2026-03-06 12:20:46",,Cash,,
7211,20,Purchase,100800,0,"Restock: Pak safe Disposable Razer (Qty: 280)",2026-03-06,"2026-03-06 12:45:50",408,,,
69aaa2c9dd257,20,"Purchase (Edited)",9000,5750,"Edited Restock: Color match (Qty: 36)",2026-01-24,"2026-03-06 14:47:53",9,,,
7212,31,Purchase,108000,108000,"Restock: Chadar Print (Qty: 480)",2026-03-05,"2026-03-06 14:54:40",409,,,
7213,20,Purchase,46500,0,"Restock: Blade Pro UK (Qty: 20)",2026-02-21,"2026-03-06 19:55:27",410,,,
69abc5e4f3866,20,"Purchase (Edited)",25600,22400,"Edited Restock: Scissors Jagwar (Qty: 16)",2026-01-24,"2026-03-07 11:29:56",65,,,
7214,20,Purchase,47500,0,"Restock: Blade Pro UK (Qty: 20)",2026-03-03,"2026-03-07 14:06:28",411,,,
7215,20,Purchase,47000,0,"Restock: Blade Silver star (Qty: 20)",2026-03-04,"2026-03-07 14:08:05",412,,,
7216,20,Purchase,41500,0,"Restock: Blade T-10 (Qty: 20)",2026-03-04,"2026-03-07 14:09:07",413,,,
7217,20,Purchase,40500,0,"Restock: Blade Clean shave (Qty: 20)",2026-03-04,"2026-03-07 14:09:50",414,,,
7219,1,Payment,0,10000,"ye Raqam Salman Quetta ki jama howe 56 k 2 cotton dye",2026-03-03,"2026-03-09 12:52:07",,Cash,,
7220,20,Purchase,12096,0,"Restock: Electric hair color (Qty: 72)",2026-03-06,"2026-03-09 14:20:02",416,,,
7221,20,Purchase,44999.976,0,"Restock: Jolly Shaving cream (Qty: 336)",2026-03-06,"2026-03-09 14:22:05",417,,,
7223,20,Purchase,52000,0,"Restock: Nose Strip-Patti (Qty: 4000)",2026-03-06,"2026-03-09 14:25:05",419,,,
7224,20,Purchase,10000,0,"Restock: Trimer Machine Dingling RF-1972 (Qty: 4)",2026-03-06,"2026-03-09 14:25:53",420,,,
7225,20,Purchase,12500,0,"Restock: Neck Roll (Qty: 20)",2026-03-06,"2026-03-09 14:26:31",421,,,
7226,20,Purchase,10950,0,"Restock: Trimer Machine Dingling RF-1861 (Qty: 3)",2026-03-07,"2026-03-09 14:51:12",422,,,
7227,20,Purchase,7500,0,"Restock: Trimer Machine Dingling RF-1972 (Qty: 3)",2026-03-07,"2026-03-09 14:51:46",423,,,
7228,20,Purchase,5100,0,"Restock: Trimer Machine Dingling D-290 (Qty: 3)",2026-03-07,"2026-03-09 14:52:20",424,,,
7229,20,Purchase,11200,0,"Restock: Trimer Machine Dingling RF-1981 c.cash (Qty: 4)",2026-03-07,"2026-03-09 14:52:52",425,,,
7230,20,Purchase,18000,0,"Restock: Trimer Machine Kemyi 3 in 1 mix (Qty: 15)",2026-03-07,"2026-03-09 14:54:19",426,,,
7231,20,Purchase,16000,0,"Restock: Trimer Machine Dingling D-071 (Qty: 10)",2026-03-07,"2026-03-09 14:55:08",427,,,
7232,20,Purchase,7500,0,"Restock: Trimer Machine Dingling RF-609 pro (Qty: 3)",2026-03-07,"2026-03-09 14:55:52",428,,,
7233,20,Purchase,47500,0,"Restock: Wax Satche (Qty: 250)",2026-03-07,"2026-03-09 14:56:58",429,,,
7234,20,Purchase,6800,0,"Restock: Facial Tube kit Cerave (Qty: 8)",2026-03-07,"2026-03-09 14:57:29",430,,,
7235,29,Purchase,124500,0,"Restock: Scissors Daska (Qty: 83)",2026-03-09,"2026-03-09 21:25:34",431,,,
69af0d9c79190,20,"Purchase (Edited)",28000,0,"Edited Restock: Powder Dani (Qty: 35)",2026-01-24,"2026-03-09 23:12:44",56,,,
7236,23,Purchase,14700,0,"Initial: Bleach Powder",2026-03-05,"2026-03-09 23:39:08",432,,,
7237,20,Purchase,1140,0,"Initial: Shaving Brush pcs",2026-01-26,"2026-03-09 23:44:46",433,,,
7238,16,Advance,0,25000,"Advance Payment for shaving brush",2026-03-10,"2026-03-10 15:01:39",,Online,,
7240,7,Purchase,9000,0,"Restock: Color Brush Medium (Qty: 50)",2026-03-10,"2026-03-10 15:10:45",435,,,
7242,7,Payment,0,66240,"Fareed Boltan k 200000 aye thy us mn sy payment di",2026-03-10,"2026-03-10 15:13:51",,Cash,,
69b03337c4bd9,7,"Purchase (Edited)",11760,0,"Edited Restock: Color Brush small (Qty: 98)",2026-03-10,"2026-03-10 20:05:27",436,,,
7243,7,Purchase,240,0,"Initial: Color Brush small pcs",2026-03-10,"2026-03-10 20:06:42",437,,,
69b0621b7ff66,20,"Purchase (Edited)",61200,0,"Edited Restock: Kashee Facial kit (Qty: 36)",2026-03-06,"2026-03-10 23:25:31",418,,,
7244,20,Purchase,43000,0,"Initial: Blade Silk Danda pc",2026-03-04,"2026-03-10 23:45:42",438,,,
7245,20,Purchase,15600,0,"Restock: Shahzad Disposable Razer (Qty: 40)",2026-03-10,"2026-03-11 14:06:33",439,,,
7246,20,Purchase,3200,0,"Restock: Trimer Machine Dingling RF-1982 (Qty: 1)",2026-03-10,"2026-03-11 14:07:06",440,,,
7247,20,Purchase,34300,0,"Restock: Trimer Machine Dingling RF-609 pro (Qty: 14)",2026-03-10,"2026-03-11 14:07:41",441,,,
7248,20,Purchase,7680,0,"Initial: Kashee Facial pcs",2026-03-10,"2026-03-11 14:10:45",442,,,
7249,20,Purchase,3600,0,"Restock: Trimer Machine VGR V-353 (Qty: 3)",2026-03-10,"2026-03-11 14:11:21",443,,,
7250,20,Purchase,1650,0,"Restock: Gosny Apple kit (Qty: 1)",2026-03-10,"2026-03-11 14:12:07",444,,,
7251,20,Purchase,39500,0,"Restock: Disposible chadar (Qty: 50)",2026-03-10,"2026-03-11 14:13:06",445,,,
7252,20,Purchase,15600,0,"Restock: Alisha Facial kit Original (Qty: 48)",2026-03-10,"2026-03-11 14:14:15",446,,,
7253,20,Purchase,81600,0,"Restock: Kashee Facial kit (Qty: 48)",2026-03-10,"2026-03-11 14:14:56",447,,,
7254,20,Purchase,9600,0,"Restock: Pari Hair remove brush (Qty: 12)",2026-03-10,"2026-03-11 14:15:46",448,,,
7255,20,Purchase,36499.2,36499.2,"Restock: Apple China Original 1 kg (Qty: 24)",2026-03-10,"2026-03-11 14:17:12",449,,,
7256,20,Purchase,22999.2,22999.2,"Restock: Jolly Shaving cream (Qty: 168)",2026-03-10,"2026-03-11 14:18:48",450,,,
7257,20,Purchase,13920,0,"Restock: Wajeeh Hair color tube (Qty: 240)",2026-03-10,"2026-03-11 14:19:30",451,,,
7258,20,Purchase,9600,0,"Restock: King Star Foam (Qty: 48)",2026-03-10,"2026-03-11 14:20:10",452,,,
7259,20,Purchase,14499.6,0,"Restock: Safex Platinium Razer (Qty: 12)",2026-03-10,"2026-03-11 14:20:50",453,,,
7260,20,Purchase,16000,0,"Restock: Trimer Machine Dingling D-071 (Qty: 10)",2026-03-10,"2026-03-11 14:21:21",454,,,
7261,20,Purchase,17000,0,"Restock: Trimer Machine Dingling D-290 (Qty: 10)",2026-03-10,"2026-03-11 14:21:48",455,,,
7262,20,Purchase,13200,0,"Restock: Finix Foam (Qty: 48)",2026-03-10,"2026-03-11 14:22:30",456,,,
7263,20,Purchase,10320,0,"Restock: Mormy Shaving Foam (Qty: 48)",2026-03-10,"2026-03-11 14:23:09",457,,,
69b16aea0f010,20,"Purchase (Edited)",45125,0,"Edited Restock: Blade OK (Qty: 19)",2026-02-21,"2026-03-11 18:15:22",265,,,
7264,20,Purchase,2370,0,"Restock: Blade Ok pcs (Qty: 10)",2026-02-21,"2026-03-11 18:16:13",458,,,
69b16e285853b,7,"Purchase (Edited)",44370,0,"Edited Restock: Armetic Hair remove brush (Qty: 51)",2026-03-10,"2026-03-11 18:29:12",434,,,
7265,7,Purchase,864,0,"Initial: Armatic brush pcs",2026-03-10,"2026-03-11 18:30:45",459,,,
69b2939b085a6,20,"Purchase (Edited)",2400,0,"Edited Restock: Powder Shopper (Qty: 120)",2026-01-24,"2026-03-12 15:21:15",57,,,
69b293bba0fdf,23,"Purchase (Edited)",18000,0,"Edited Restock: Powder Shopper (Qty: 1000)",2026-02-05,"2026-03-12 15:21:47",134,,,
69b2a84ac556a,20,"Purchase (Edited)",6000,6000,"Edited Restock: Scissors Normal (Qty: 48)",2026-01-24,"2026-03-12 16:49:30",63,,,
69b2a85fccbf4,20,"Purchase (Edited)",55080,55080,"Edited Restock: Scissors Special (Qty: 324)",2026-01-24,"2026-03-12 16:49:51",62,,,
7266,1,Purchase,137808,137808,"Restock: Pretty cream (Qty: 1584)",2026-03-12,"2026-03-12 17:51:56",460,,,
69b2f3f7e5adb,20,"Purchase (Edited)",10560,7680,"Edited Restock: Alisha Black Mask local (Qty: 66)",2026-01-24,"2026-03-12 22:12:23",31,,,
