id,product_id,product_name,quantity,new_buy_price,old_buy_price,new_sell_price,old_sell_price,dealer_id,dealer_name,amount_paid,date,created_at,expiry_date,remarks
1,1,"Litter Bottle",620,120,0,140,0,1,Arif,74400,2026-01-24,"2026-01-24 15:10:59",,
2,2,"Litter Bottle",834,120,0,140,0,1,Arif,100080,2026-01-24,"2026-01-24 15:14:06",,
3,3,"Paid 500 ml",1990,80,0,100,0,1,Arif,159200,2026-01-24,"2026-01-24 15:15:50",,
4,4,"56 skin cleaner",34560,33.33,0,38,0,1,Arif,1151884.8,2026-01-24,"2026-01-24 15:20:04",,
5,5,"Comb - Kanga 7.5&quot;",66,1200,0,1270,0,2,"Ahsan Finex",79200,2026-01-24,"2026-01-24 15:28:58",,
6,6,"Comb -Kanga 8&quot;",37,1400,0,1500,0,2,"Ahsan Finex",51800,2026-01-24,"2026-01-24 15:30:03",,
7,7,"Comb- Kanga TH and tony",193,180,0,280,0,3,"Naveed Lahore",34740,2026-01-24,"2026-01-24 15:34:40",,
8,8,"Comb- Kanga cute",3,350,0,450,0,20,"Shahid Bhai KGM",1050,2026-01-24,"2026-01-24 15:36:01",,
9,9,"Color match",36,250,0,260,0,20,"1 Shahid Bhai KGM",5750,2026-01-24,"2026-01-24 15:38:12",,
10,10,"Apple color hair max 1 kg",216,1400,0,1500,0,4,Lahore,302400,2026-01-24,"2026-01-24 15:41:39",,
11,11,"Apple golden Hair color 1 kg",84,1400,0,1700,0,4,Lahore,117600,2026-01-24,"2026-01-24 15:42:59",,
12,12,"Apple Hair color satche",336,160,0,180,0,4,Lahore,53760,2026-01-24,"2026-01-24 15:46:20",,
13,13,"Apple tube color hair max",288,155,0,165,0,4,Lahore,44640,2026-01-24,"2026-01-24 15:48:33",,
14,14,"Versino Hair color",108,155,0,165,0,20,"Shahid Bhai KGM",11160,2026-01-24,"2026-01-24 15:51:15",,
15,15,"Devon Hair color",18,150,0,160,0,OPEN_MARKET,"Open Market",2700,2026-01-24,"2026-01-24 15:52:31",,
16,16,"Olivia hair color",48,185,0,200,0,OPEN_MARKET,"Open Market",8880,2026-01-24,"2026-01-24 15:53:23",,
17,17,"Electric hair color",2376,165,0,175,0,OPEN_MARKET,"Open Market",392040,2026-01-24,"2026-01-24 15:57:20",,
18,18,"Wajeeh Hair color tube",1927,57,0,60,0,OPEN_MARKET,"Open Market",109440,2026-01-24,"2026-01-24 16:03:45",,
19,19,"Shahzad Disposable Razer",320,380,0,400,0,OPEN_MARKET,"Open Market",121600,2026-01-24,"2026-01-24 16:18:58",,
20,20,"Ultra edge Disposable Razer",80,350,0,380,0,OPEN_MARKET,"Open Market",28000,2026-01-24,"2026-01-24 16:23:27",,
21,21,"Pak safe Disposable Razer",740,400,0,425,0,1,Arif,296000,2026-01-24,"2026-01-24 16:30:59",,
22,22,"Glame foam",240,190,0,205,0,OPEN_MARKET,"Open Market",45600,2026-01-24,"2026-01-24 16:36:09",,
23,23,"Mormy Shaving Foam",144,205,0,220,0,OPEN_MARKET,"Open Market",29520,2026-01-24,"2026-01-24 16:37:42",,
24,24,"Gelme Shaving foam",356,265,0,270,0,5,"Mustafa Lahore",94340,2026-01-24,"2026-01-24 16:54:28",,
25,25,"Jackson Foam",1174,200,0,220,0,OPEN_MARKET,"Open Market",234800,2026-01-24,"2026-01-24 16:58:29",,
26,26,"Lahori Facial kit",86,900,0,1200,0,3,"Naveed Lahore",77400,2026-01-24,"2026-01-24 17:05:03",,
27,27,"Alisha Facial kit Local",40,260,0,290,0,OPEN_MARKET,"Open Market",10400,2026-01-24,"2026-01-24 17:06:21",,
28,28,"Vitamin C Facial kit",17,1200,0,1400,0,3,"Naveed Lahore",0,2026-01-24,"2026-01-24 17:07:29",,"Rice kit"
29,29,"Fareed Facial Kit",32,700,0,800,0,OPEN_MARKET,"Open Market",22400,2026-01-24,"2026-01-24 17:08:12",,
30,30,"Alisha Facial kit Original",480,320,0,330,0,6,"Zafar Boltan",153600,2026-01-24,"2026-01-24 17:09:27",,
31,31,"Alisha Black Mask local",66,160,0,180,0,20,"1 Shahid Bhai KGM",7680,2026-01-24,"2026-01-24 17:10:24",,
32,32,"Smart Edge Disposable Razer",10,4500,0,5000,0,OPEN_MARKET,"Open Market",45000,2026-01-24,"2026-01-24 17:13:09",,
33,33,"Small Facial kit 250 gm",4,250,0,350,0,OPEN_MARKET,"Open Market",1000,2026-01-24,"2026-01-24 17:14:07",,
34,34,"Shave Shield Shaving foam",7,150,0,170,0,OPEN_MARKET,"Open Market",1050,2026-01-24,"2026-01-24 17:14:59",,
35,35,"Gellme Small Shaving foam",42,150,0,155,0,OPEN_MARKET,"Open Market",6300,2026-01-24,"2026-01-24 17:15:45",,
36,36,"CB Special Hair remove brush",552,104,0,125,0,7,"Saleem Brush",57408,2026-01-24,"2026-01-24 17:20:40",,
37,37,"Armetic Hair remove brush",104,850,0,920,0,7,"Saleem Brush",88400,2026-01-24,"2026-01-24 17:22:39",,
38,38,"Pari Hair remove brush",15,760,0,900,0,OPEN_MARKET,"Open Market",11400,2026-01-24,"2026-01-24 17:23:59",,
39,39,"Cherri Hair remove brush",800,85,0,100,0,3,"Naveed Lahore",0,2026-01-24,"2026-01-24 17:27:09",,
40,40,"S Hair remove brush",334,115,0,140,0,3,"Naveed Lahore",38410,2026-01-24,"2026-01-24 17:28:02",,
41,41,"Crystal Hair remove brush",14,340,0,380,0,3,"Naveed Lahore",4760,2026-01-24,"2026-01-24 17:29:37",,
42,42,"Jolly Shaving cream",504,123.21,0,137,0,8,"Sufyan Gujranwala",62097.84,2026-01-24,"2026-01-24 17:36:24",,
43,43,"Glam Hair Spray",138,250,0,265,0,OPEN_MARKET,"Open Market",34500,2026-01-24,"2026-01-24 17:39:52",,
44,44,"Machine dant",255,525,0,560,0,2,"Ahsan Finex",133875,2026-01-24,"2026-01-24 18:01:53",,
45,45,"Gellme Hair Spray",624,280,0,290,0,5,"Mustafa Lahore",174720,2026-01-24,"2026-01-24 18:07:25",,
46,46,"Revense Curling lotion",404,250,0,270,0,1,Arif,101000,2026-01-24,"2026-01-24 18:08:51",,
47,47,"Fareed Curling Lotion",896,260,0,280,0,1,Arif,232960,2026-01-24,"2026-01-24 18:09:48",,
48,48,"Crystal snow cream",2196,72,0,80,0,1,Arif,158112,2026-01-24,"2026-01-24 18:13:05",,
49,49,"Face wash 1 ltr",160,135,0,160,0,9,"Waqar Saddar",21600,2026-01-24,"2026-01-24 18:14:55",,
50,50,"Cold Cream",8568,68,0,75,0,1,Arif,582624,2026-01-24,"2026-01-24 18:16:08",,
51,51,"Shaving Gell",200,55,0,65,0,OPEN_MARKET,"Open Market",11000,2026-01-24,"2026-01-24 18:17:42",,
52,52,"Cotton Roll local",200,30,0,45,0,OPEN_MARKET,"Open Market",6000,2026-01-24,"2026-01-24 18:18:24",,
53,53,"Cotton Roll Special",80,65,0,80,0,OPEN_MARKET,"Open Market",5200,2026-01-24,"2026-01-24 18:19:49",,
54,54,"Tissue Biscuit Color",1250,150,0,160,0,1,Arif,187500,2026-01-24,"2026-01-24 18:23:44",,
55,55,"Color Piyali",26,330,0,400,0,OPEN_MARKET,"Open Market",8580,2026-01-24,"2026-01-24 18:24:57",,
56,56,"Powder Dani",35,800,0,900,0,20,"1 Shahid Bhai KGM",0,2026-01-24,"2026-01-24 18:25:34",,
57,57,"Powder Shopper",120,20,0,22,0,20,"1 Shahid Bhai KGM",0,2026-01-24,"2026-01-24 18:26:34",,
58,58,"Dettol small",480,80,0,100,0,OPEN_MARKET,"Open Market",38400,2026-01-24,"2026-01-24 18:27:11",,
59,59,"Cotton Ball",1050,38,0,45,0,OPEN_MARKET,"Open Market",39900,2026-01-24,"2026-01-24 18:28:06",,
60,60,"Tissue Party pink 700 gm",175,158,0,168,0,20,"Shahid Bhai KGM",27650,2026-01-24,"2026-01-24 18:30:33",,"old stock"
61,61,"Tissue Asmani",375,150,0,180,0,20,"Shahid Bhai KGM",56250,2026-01-24,"2026-01-24 18:32:06",,"old stock"
62,62,"Scissors Special",324,170,0,183,0,20,"1 Shahid Bhai KGM",55080,2026-01-24,"2026-01-24 18:35:45",,
63,63,"Scissors Normal",48,125,0,150,0,20,"1 Shahid Bhai KGM",6000,2026-01-24,"2026-01-24 18:36:35",,
64,64,Chimiti,5,470,0,500,0,OPEN_MARKET,"Open Market",2350,2026-01-24,"2026-01-24 18:37:19",,
65,65,"Scissors Jagwar",16,1600,0,1900,0,20,"1 Shahid Bhai KGM",22400,2026-01-24,"2026-01-24 18:38:36",,
66,66,"Wax bottle",61,750,0,800,0,3,"Naveed Lahore",45750,2026-01-24,"2026-01-24 18:39:27",,
67,67,"PZ Ustra",20,650,0,800,0,OPEN_MARKET,"Open Market",13000,2026-01-24,"2026-01-24 18:42:44",,
68,68,"Moon Ustra",17,870,0,1000,0,20,"1 Shahid Bhai KGM",14790,2026-01-24,"2026-01-24 18:44:29",,"Stock entry"
69,69,"7 O clock Ustra",2,900,0,1100,0,OPEN_MARKET,"Open Market",1800,2026-01-24,"2026-01-24 18:45:20",,
70,70,"Steel Ustra",1,1000,0,1200,0,OPEN_MARKET,"Open Market",1000,2026-01-24,"2026-01-24 18:46:03",,
71,71,"Pak Ustra",2,1000,0,1200,0,OPEN_MARKET,"Open Market",2000,2026-01-24,"2026-01-24 18:46:30",,
72,72,"Scrab Ltr",220,160,0,175,0,1,Arif,35200,2026-01-24,"2026-01-24 18:47:51",,
73,73,"Shaving Brush",71,1150,0,1450,0,OPEN_MARKET,"Open Market",81650,2026-01-24,"2026-01-24 18:50:33",,
74,74,"Black rose hair color",27,165,0,175,0,OPEN_MARKET,"Open Market",4455,2026-01-24,"2026-01-24 18:52:24",,
75,75,"Mormi shaving cream",28,110,0,120,0,OPEN_MARKET,"Open Market",3080,2026-01-24,"2026-01-24 18:53:18",,
76,76,"Orchit Facial",100,215,0,225,0,OPEN_MARKET,"Open Market",21500,2026-01-24,"2026-01-24 18:54:37",,
77,77,"Pretty cream",1092,85,0,90,0,OPEN_MARKET,"Open Market",92820,2026-01-24,"2026-01-24 18:56:03",,
78,78,"Shaving gell burni",11,80,0,90,0,OPEN_MARKET,"Open Market",880,2026-01-24,"2026-01-24 18:56:40",,
79,79,"Rivion Hair straight",38,740,0,780,0,OPEN_MARKET,"Open Market",28120,2026-01-24,"2026-01-24 18:58:32",,
80,80,"Taiwan local head",50,90,0,100,0,OPEN_MARKET,"Open Market",4500,2026-01-24,"2026-01-24 18:59:43",,
81,81,"Curling Hadi shoper",12,200,0,250,0,OPEN_MARKET,"Open Market",2400,2026-01-24,"2026-01-24 19:00:48",,
82,82,"Machine kangi",1150,13,0,15,0,OPEN_MARKET,"Open Market",14950,2026-01-24,"2026-01-24 19:02:32",,
83,83,"Wax Satche",315,185,0,200,0,OPEN_MARKET,"Open Market",58275,2026-01-24,"2026-01-24 19:06:32",,
84,84,"Color Brush large",14,180,0,240,0,OPEN_MARKET,"Open Market",2520,2026-01-24,"2026-01-24 19:07:57",,
85,85,"Color Brush Medium",12,180,0,250,0,OPEN_MARKET,"Open Market",2160,2026-01-24,"2026-01-24 19:08:47",,
86,86,"Nose Strip-Patti",15300,12,0,14,0,OPEN_MARKET,"Open Market",183600,2026-01-24,"2026-01-24 19:11:50",,
87,87,"Dettol Ltr",11,1000,0,1200,0,OPEN_MARKET,"Open Market",11000,2026-01-24,"2026-01-24 19:12:42",,
88,88,"Wajeeh Hair color stache",38,60,0,70,0,OPEN_MARKET,"Open Market",2280,2026-01-24,"2026-01-24 19:14:37",,
89,89,"Morning Silk Hair color Satche",384,12,0,14,0,OPEN_MARKET,"Open Market",4608,2026-01-24,"2026-01-24 19:16:01",,
90,90,"Shower head black",250,35,0,40,0,3,"Naveed Lahore",8750,2026-01-24,"2026-01-24 19:17:41",,
91,91,"Shower head color",842,30,0,36,0,3,"Naveed Lahore",0,2026-01-24,"2026-01-24 19:18:17",,
92,92,"Party Pack Tissue 230 gm",720,60,0,68,0,10,"Raju Tissue Bangali",0,2026-01-24,"2026-01-24 19:19:28",,
93,93,"Chadar Print",97,230,0,260,0,OPEN_MARKET,"Open Market",22310,2026-01-24,"2026-01-24 19:20:19",,
94,94,"Chadar sada",399,195,0,220,0,OPEN_MARKET,"Open Market",77805,2026-01-24,"2026-01-24 19:21:39",,
95,95,"White Special Tissue",500,205,0,240,0,10,"Raju Tissue Bangali",0,2026-01-24,"2026-01-24 19:22:42",,
96,96,"Baby Pink Tissue",15,150,0,180,0,10,"Raju Tissue Bangali",0,2026-01-24,"2026-01-24 19:23:34",,
97,97,"Hair natro Wax",31,200,0,250,0,20,"1 Shahid Bhai KGM",1400,2026-01-24,"2026-01-24 19:24:22",,"Stock entry"
98,98,"Scissors Daska",40,1500,0,1750,0,11,"Ali raza Daska",60000,2026-01-24,"2026-01-24 19:25:47",,
99,99,"Scissors Special daska",8,1750,0,2000,0,11,"Ali raza Daska",14000,2026-01-24,"2026-01-24 19:26:32",,
100,3,"Paid 500 ml",420,80,80,100,100,1,Arif,33600,2026-01-25,"2026-01-24 19:47:54",,
101,100,"Norse Bottle",210,80,0,100,0,1,Arif,16800,2026-01-24,"2026-01-24 20:03:22",,
102,2,"Litter Bottle",400,120,120,140,140,1,Arif,48000,2026-01-25,"2026-01-24 20:04:37",,
105,102,"Blade Pro UK",6,2325,0,2400,0,13,"Abdul Khan",13950,2026-01-24,"2026-01-25 14:24:12",,
106,103,"Blade OK",17,2450,0,2500,0,13,"Abdul Khan",41650,2026-01-24,"2026-01-25 14:25:21",,
107,104,"Blade S-20",3,2025,0,2100,0,13,"Abdul Khan",6075,2026-01-24,"2026-01-25 14:26:22",,
108,105,"Blade Rambo",16,2450,0,2500,0,13,"Abdul Khan",39200,2026-01-24,"2026-01-25 14:27:26",,
109,106,"Blade Super Sharp",6,2450,0,2500,0,13,"Abdul Khan",14700,2026-01-24,"2026-01-25 14:28:33",,
110,107,"Blade Super Sharp Patty",4,980,0,1000,0,13,"Abdul Khan",3920,2026-01-24,"2026-01-25 14:33:26",,
111,108,"Blade Silk",20,2150,0,2200,0,13,"Abdul Khan",43000,2026-01-24,"2026-01-25 14:34:24",,
112,76,"Orchit Facial",92,220,215,225,225,14,"Naveed Orchit Karachi",0,2026-01-26,"2026-01-28 13:05:10",,
113,17,"Electric hair color",2088,164,165,175,175,12,"Kamran Saddar",0,2026-01-24,"2026-01-30 12:28:35",,
114,109,"Hair Capsule",20,18,0,20,0,12,"Kamran Saddar",0,2026-01-24,"2026-01-30 12:30:22",,
115,110,"Showel black",12,105,0,120,0,12,"Kamran Saddar",0,2026-01-24,"2026-01-30 13:33:50",,
116,111,"Shower Color Bottle",12,105,0,120,0,12,"Kamran Saddar",0,2026-01-24,"2026-01-30 13:34:48",,
117,112,"Shower JJ bottle",12,175,0,185,0,12,"Kamran Saddar",0,2026-01-24,"2026-01-30 13:37:11",,
118,113,"Lolain Cream",280,85,0,90,0,12,"Kamran Saddar",0,2026-01-24,"2026-01-30 13:39:28",,
119,77,"Pretty cream",280,85,85,90,90,12,"Kamran Saddar",0,2026-01-24,"2026-01-30 13:40:30",,
120,60,"Tissue Party pink 700 gm",450,158,158,168,168,20,"Shahid Bhai KGM",0,2026-01-22,"2026-01-30 13:45:15",,
121,92,"Party Pack Tissue 230 gm",800,58,60,68,68,20,"Shahid Bhai KGM",0,2026-01-22,"2026-01-30 13:46:55",,"Stock entry"
122,95,"White Special Tissue",600,200,205,240,240,20,"Shahid Bhai KGM",0,2026-01-22,"2026-01-30 13:48:37",,"Stock entry"
123,61,"Tissue Asmani",150,150,150,180,180,20,"Shahid Bhai KGM",0,2026-01-20,"2026-01-30 13:54:33",,
124,22,"Glame foam",240,195,190,205,205,15,"Furqan Garden",0,2026-01-21,"2026-01-30 14:06:54",,
125,43,"Glam Hair Spray",144,250,250,265,265,15,"Furqan Garden",0,2026-01-21,"2026-01-30 14:11:08",,
126,79,"Rivion Hair straight",36,740,740,780,780,15,"Furqan Garden",0,2026-01-21,"2026-01-30 14:11:49",,
127,81,"Curling Hadi shoper",12,200,200,250,250,15,"Furqan Garden",0,2026-01-21,"2026-01-30 14:12:59",,
128,76,"Orchit Facial",419,220,220,225,225,14,"Naveed Orchit Karachi",0,2026-01-30,"2026-01-30 17:58:30",,
133,52,"Cotton Roll local",1500,27,30,45,45,ADD_NEW,,40500,2026-02-04,"2026-02-05 15:56:15",,"online krwaye (5 bory 300 each)"
134,57,"Powder Shopper",1000,18,20,22,22,23,"Zoheb Khipro",0,2026-02-05,"2026-02-06 11:42:18",,
135,53,"Cotton Roll Special",0,0,65,0,80,21,"Irfan Okara",0,2026-02-05,"2026-02-06 11:48:10",,
136,60,"Tissue Party pink 700 gm",210,158,158,168,168,10,"Raju Tissue Bangali",0,2026-02-05,"2026-02-06 12:09:31",,
137,92,"Party Pack Tissue 230 gm",24,58,58,68,68,10,"Raju Tissue Bangali",0,2026-02-05,"2026-02-06 12:10:25",,
138,92,"Party Pack Tissue 230 gm",240,58,58,68,68,10,"Raju Tissue Bangali",0,2026-02-05,"2026-02-06 12:47:28",,
139,114,"Blade 777",2625,20,0,2700,0,20,"Shahid Bhai KGM",0,2026-02-04,"2026-02-06 13:56:05",,"1 cotton =20 bundle and 1 bundle =50 paty"
140,102,"Blade Pro UK",20,2325,2400,2400,2400,20,"Shahid Bhai KGM",0,2026-02-04,"2026-02-06 13:58:26",,
141,115,"Blade T-10",20,2090,0,2200,0,20,"Shahid Bhai KGM",0,2026-02-04,"2026-02-06 14:16:57",,"1 cotton =20 bundle and 1 bundle =50 paty"
142,116,"Blade Silver star",20,2400,0,2700,0,20,"Shahid Bhai KGM",0,2026-02-04,"2026-02-06 14:17:53",,"1 cotton =20 bundle and 1 bundle =50 paty"
143,53,"Cotton Roll Special",500,58,58,80,80,21,"Irfan Okara",29000,2026-02-05,"2026-02-06 15:25:00",,
144,51,"Shaving Gell",275,55,55,65,65,23,"Zoheb Khipro",0,2026-02-06,"2026-02-07 14:14:40",,"1 cotton =25 pcs"
145,38,"Pari Hair remove brush",27,760,760,900,900,ADD_NEW,,0,2026-02-07,"2026-02-07 14:19:49",,
146,117,"Panja Brush flower",864,35,0,40,0,22,"Ameen Boltan",0,2026-02-06,"2026-02-07 16:50:50",,
147,117,"Panja Brush flower",2592,35,35,40,40,1,Arif,0,2026-02-06,"2026-02-07 16:55:58",,
148,118,"Volume 20 devloper",48,210,0,220,0,23,"Zoheb Khipro",0,2026-02-07,"2026-02-07 17:00:08",,"1 cotton=24 pc"
149,51,"Shaving Gell",250,55,55,65,65,23,"Zoheb Khipro",0,2026-02-07,"2026-02-07 17:01:39",,
150,18,"Wajeeh Hair color tube",7200,57,57,60,60,ADD_NEW,,0,2026-02-09,"2026-02-09 17:37:44",,"240 pcs cotton"
151,31,"Alisha Black Mask local",48,160,160,180,180,1,Arif,0,2026-01-29,"2026-02-11 18:57:12",,
152,78,"Shaving gell burni",60,75,80,90,90,23,"Zoheb Khipro",0,2026-02-03,"2026-02-11 21:21:36",,"1 cotton=30 pc"
153,51,"Shaving Gell",225,55,55,65,65,23,"Zoheb Khipro",0,2026-02-03,"2026-02-11 21:22:42",,
154,27,"Alisha Facial kit Local",596,270,260,290,290,1,Arif,160920,2026-02-09,"2026-02-12 07:52:53",,
155,52,"Cotton Roll local",1500,31.8,27,45,45,21,"Irfan Okara",47700,2026-02-09,"2026-02-12 07:54:48",,"1 bore=300 pc"
156,95,"White Special Tissue",500,210,200,240,240,10,"Raju Tissue Bangali",0,2026-02-10,"2026-02-12 07:58:38",,"1 bora=20 pc"
157,61,"Tissue Asmani",390,150,150,180,180,10,"Raju Tissue Bangali",0,2026-02-10,"2026-02-12 07:59:25",,
158,60,"Tissue Party pink 700 gm",150,160,158,168,168,10,"Raju Tissue Bangali",0,2026-02-10,"2026-02-12 08:00:12",,
159,76,"Orchit Facial",345,220,220,225,225,14,"Naveed Orchit Karachi",0,2026-02-10,"2026-02-12 08:01:42",,
160,119,"Maaji powder",180,90,0,100,0,24,"Awais new Karachi",0,2026-02-10,"2026-02-12 08:04:21",,
161,120,"Neck Roll",895,550,0,600,0,20,"Shahid Bhai KGM",0,2026-01-26,"2026-02-12 11:56:00",,"Stock Entry"
162,121,"Finix Foam",1939,275,0,290,0,20,"Shahid Bhai KGM",0,2026-01-26,"2026-02-12 12:06:26",,"Stock Entry"
163,122,"King Star Foam",2821,200,0,220,0,20,"Shahid Bhai KGM",0,2026-01-26,"2026-02-12 12:08:06",,"Stock Entry"
164,123,"King Hair Spray",1014,260,0,280,0,20,"Shahid Bhai KGM",0,2026-01-26,"2026-02-12 12:11:19",,"Stock Entry"
165,124,"Apple China Original 1 kg",164,1500,0,1700,0,20,"Shahid Bhai KGM",0,2026-01-26,"2026-02-12 12:14:04",,"Stock Entry"
166,125,"Gallat Hair Straitner",510,300,0,350,0,20,"Shahid Bhai KGM",0,2026-01-26,"2026-02-12 12:17:01",,"Stock Entry"
167,104,"Blade S-20",14,2025,2025,2100,2100,20,"Shahid Bhai KGM",0,2026-01-26,"2026-02-12 12:20:16",,"Stock Entry"
168,115,"Blade T-10",4,2090,2090,2200,2200,20,"Shahid Bhai KGM",0,2026-01-26,"2026-02-12 12:21:34",,"Stock Entry"
169,4,"56 skin cleaner",2160,33.33,33.33,38,38,1,Arif,0,2026-01-29,"2026-02-12 14:37:08",,
170,4,"56 skin cleaner",3600,33.33,33.33,38,38,1,Arif,0,2026-01-31,"2026-02-12 14:37:51",,
171,21,"Pak safe Disposable Razer",700,360,400,425,425,1,Arif,0,2026-02-03,"2026-02-12 14:41:09",,
172,4,"56 skin cleaner",4752,33.33,33.33,38,38,1,Arif,0,2026-02-03,"2026-02-12 14:41:45",,
173,21,"Pak safe Disposable Razer",100,400,360,425,425,1,Arif,0,2026-02-04,"2026-02-12 14:42:47",,
174,4,"56 skin cleaner",6912,33.33,33.33,38,38,1,Arif,0,2026-02-05,"2026-02-12 15:34:52",,
175,21,"Pak safe Disposable Razer",160,400,400,425,425,1,Arif,0,2026-02-05,"2026-02-12 15:40:02",,
176,21,"Pak safe Disposable Razer",200,400,400,425,425,1,Arif,0,2026-02-07,"2026-02-12 15:41:26",,
177,21,"Pak safe Disposable Razer",40,385,400,425,425,1,Arif,0,2026-02-07,"2026-02-12 15:41:58",,
178,31,"Alisha Black Mask local",44,160,160,180,180,1,Arif,0,2026-02-09,"2026-02-12 15:43:46",,
179,4,"56 skin cleaner",1872,33.33,33.33,38,38,1,Arif,0,2026-02-10,"2026-02-12 15:45:01",,
180,126,"Ubtan Nikhar Facial",96,85,0,100,0,1,Arif,0,2026-02-11,"2026-02-12 15:46:08",,
181,21,"Pak safe Disposable Razer",240,400,385,425,425,1,Arif,0,2026-02-11,"2026-02-12 15:46:59",,
182,25,"Jackson Foam",26,200,200,220,220,20,"Shahid Bhai KGM",0,2026-01-24,"2026-02-12 17:37:18",,"stock diffrance enter"
184,13,"Apple tube color hair max",360,140,155,165,165,ADD_NEW,,50400,2026-02-11,"2026-02-13 14:27:05",,
185,127,"Dettol 500 ml",1,570,0,600,0,OPEN_MARKET,"Open Market",0,2026-01-24,"2026-02-14 12:11:56",,
186,77,"Pretty cream",1080,85,85,90,90,12,"Kamran Saddar",0,2026-01-30,"2026-02-14 12:47:27",,
187,38,"Pari Hair remove brush",39,760,760,900,900,25,"Irfan Pari Brush",29640,2026-01-24,"2026-02-14 15:52:24",,
188,51,"Shaving Gell",325,55,55,65,65,23,"Zoheb Khipro",17875,2026-02-14,"2026-02-14 16:26:11",,"customer k account mn sy minus kr dye"
189,4,"56 skin cleaner",3600,33.33,33.33,38,38,1,Arif,0,2026-02-14,"2026-02-14 16:32:58",,
190,47,"Fareed karatin Curling Lotion",39,260,260,280,280,1,Arif,0,2026-02-14,"2026-02-14 16:35:08",,
191,12,"Apple Hair max color satche",10,160,160,180,180,1,Arif,0,2026-02-14,"2026-02-14 16:36:01",,
192,113,"Lolain Cream",504,85,85,90,90,12,"Kamran Saddar",0,2026-02-14,"2026-02-14 16:37:03",,
193,21,"Pak safe Disposable Razer",240,360,400,425,425,1,Arif,0,2026-02-16,"2026-02-16 11:53:12",,"1 cotton =20 dabbay"
194,119,"Maaji powder",690,90,90,100,100,24,"Awais new Karachi",62100,2026-02-16,"2026-02-16 12:37:22",,
195,42,"Jolly Shaving cream",168,133,123.21,139,137,20,"Shahid Bhai KGM",0,2026-02-16,"2026-02-16 14:03:15",,"1 cotton=12 dabbay (14 pc)"
196,120,"Neck Roll",340,575,550,650,600,20,"Shahid Bhai KGM",0,2026-02-16,"2026-02-16 14:06:51",,"1 cotton =20 pcs"
197,123,"King Hair Spray",240,260,260,280,280,20,"Shahid Bhai KGM",0,2026-02-16,"2026-02-16 14:08:22",,
198,125,"Glatt Hair Straitner",48,320,300,350,350,20,"Shahid Bhai KGM",0,2026-02-16,"2026-02-16 14:09:40",,"1 cotton = 48 pc"
199,121,"Finix Foam",288,275,275,290,290,20,"Shahid Bhai KGM",0,2026-02-16,"2026-02-16 14:10:47",,
200,122,"King Star Foam",288,200,200,220,220,20,"Shahid Bhai KGM",0,2026-02-16,"2026-02-16 14:13:00",,
201,38,"Pari Hair remove brush",20,800,760,900,900,20,"Shahid Bhai KGM",0,2026-02-16,"2026-02-16 14:16:42",,"2 dz entry pcs mn ki he"
202,124,"Apple China Original 1 kg",123,1500,1500,1700,1700,20,"Shahid Bhai KGM",0,2026-02-16,"2026-02-16 14:30:53",,
203,128,"Comb 7.5 &#039;&#039; peace",144,9,0,12,0,20,"Shahid Bhai KGM",0,2026-01-24,"2026-02-17 09:55:37",,"Stock entry"
204,129,"Comb 8 &#039;&#039; peace",144,20,0,23,0,20,"Shahid Bhai KGM",0,2026-01-24,"2026-02-17 09:56:25",,"Stock entry"
205,130,"Comb- TH &amp; Tony peace",36,15,0,17,0,20,"Shahid Bhai KGM",0,2026-01-24,"2026-02-17 10:00:04",,"Stock entry"
206,120,"Neck Roll",140,575,575,650,650,20,"Shahid Bhai KGM",0,2026-02-17,"2026-02-17 18:22:29",,
207,122,"King Star Foam",240,200,200,220,220,20,"Shahid Bhai KGM",0,2026-02-17,"2026-02-17 18:23:24",,
208,17,"Electric hair color",360,168,164,175,175,20,"Shahid Bhai KGM",0,2026-02-17,"2026-02-17 18:26:20",,"cotton=72 pc"
209,121,"Finix Foam",240,275,275,290,290,20,"Shahid Bhai KGM",0,2026-02-17,"2026-02-17 18:28:33",,
210,42,"Jolly Shaving cream",336,133.9285,133,139,139,20,"Shahid Bhai KGM",0,2026-02-17,"2026-02-17 18:33:53",,"cotton=12 dabbay (14 pc)"
211,122,"King Star Foam",240,200,200,220,220,20,"Shahid Bhai KGM",0,2026-02-18,"2026-02-18 14:32:55",,
212,131,"Safex Razer",1200,24.17,0,30,0,20,"Shahid Bhai KGM",0,2026-02-17,"2026-02-19 08:47:18",,"Cotton=12 box each box 50 pcs"
213,132,"Pari Brush pcs",24,66.66,0,70,0,20,"Shahid Bhai KGM",0,2026-02-18,"2026-02-19 09:57:10",,"Stock entry tor kr k ki"
214,133,"Apple Satche Pak",72,55,0,70,0,20,"Shahid Bhai KGM",0,2026-01-24,"2026-02-19 10:34:38",,"Stock Entry"
215,120,"Neck Roll",20,575,575,650,650,20,"Shahid Bhai KGM",0,2026-02-18,"2026-02-20 07:14:28",,
216,120,"Neck Roll",20,575,575,650,650,20,"Shahid Bhai KGM",0,2026-02-19,"2026-02-20 07:15:25",,
217,42,"Jolly Shaving cream",168,133.9285,133.9285,139,139,20,"Shahid Bhai KGM",0,2026-02-19,"2026-02-20 07:20:23",,"1 cotton= 12 dabbay (14 pc)"
218,30,"Alisha Facial kit Original",96,325,320,330,330,20,"Shahid Bhai KGM",0,2026-02-19,"2026-02-20 07:22:51",,"1 cotton=48 pc"
219,61,"Tissue Asmani",800,150,150,180,180,10,"Raju Tissue Bangali",0,2026-02-19,"2026-02-20 08:47:21",,"1 bora=40 pc"
220,95,"White Special Tissue",500,210,210,240,240,10,"Raju Tissue Bangali",0,2026-02-19,"2026-02-20 08:48:46",,"1 bora=20 pc"
221,118,"Volume 20 devloper",192,210,210,220,220,23,"Zoheb Khipro",0,2026-02-20,"2026-02-21 07:25:58",,"1 cotton=24 pc"
222,134,"Trimer Machine VGR-071",5,1880,0,1920,0,20,"Shahid Bhai KGM",0,2026-02-20,"2026-02-21 07:36:44",,
223,135,"Trimer Machine VGR-964",5,2180,0,2200,0,20,"Shahid Bhai KGM",0,2026-02-20,"2026-02-21 07:38:02",,
224,136,"Trimer Machine Dingling D-071",5,1580,0,1600,0,20,"Shahid Bhai KGM",0,2026-02-20,"2026-02-21 07:38:58",,
225,137,"Trimer Machine Dingling D-290",5,1680,0,2000,0,20,"Shahid Bhai KGM",0,2026-02-20,"2026-02-21 07:39:53",,
226,41,"Crystal Hair remove brush",100,350,340,380,380,20,"Shahid Bhai KGM",0,2026-02-20,"2026-02-21 07:40:56",,
227,60,"Tissue Party pink 700 gm",575,160,160,168,168,27,"Arshad New Karachi",0,2026-02-12,"2026-02-21 08:16:12",,
228,92,"Party Pack Tissue 230 gm",900,56,58,68,68,27,"Arshad New Karachi",0,2026-02-21,"2026-02-21 08:17:29",,"1 bora = 60 pc"
231,76,"Orchit Facial",338,220,220,225,225,14,"Naveed Orchit Karachi",0,2026-02-21,"2026-02-21 13:56:11",,
232,4,"56 skin cleaner",2880,33.333,33.33,38,38,28,"Matiullah Pathan",0,2026-01-27,"2026-02-24 18:12:18",,
233,4,"56 skin cleaner",720,33.333,33.333,38,38,28,"Matiullah Pathan",0,2026-01-29,"2026-02-24 18:13:01",,
234,4,"56 skin cleaner",2160,33.333,33.333,38,38,28,"Matiullah Pathan",0,2026-02-07,"2026-02-24 18:13:41",,
235,4,"56 skin cleaner",1440,33.333,33.333,38,38,28,"Matiullah Pathan",0,2026-02-10,"2026-02-24 18:14:08",,
236,4,"56 skin cleaner",3600,33.333,33.333,38,38,28,"Matiullah Pathan",0,2026-02-18,"2026-02-24 18:14:49",,
237,120,"Neck Roll",20,625,575,650,650,20,"Shahid Bhai KGM",0,2026-02-21,"2026-02-25 12:07:52",,
238,19,"Shahzad Disposable Razer",100,400,380,400,400,20,"Shahid Bhai KGM",0,2026-02-21,"2026-02-25 12:13:37",,"1 cotton=20 box"
239,120,"Neck Roll",20,625,625,650,650,20,"Shahid Bhai KGM",0,2026-02-23,"2026-02-25 12:14:17",,
240,86,"Nose Strip-Patti",5000,13,12,15,14,20,"Shahid Bhai KGM",0,2026-02-23,"2026-02-25 12:15:03",,
241,121,"Finix Foam",96,275,275,290,290,20,"Shahid Bhai KGM",0,2026-02-23,"2026-02-25 12:17:10",,
242,124,"Apple China Original 1 kg",24,1500,1500,1700,1700,20,"Shahid Bhai KGM",0,2026-02-24,"2026-02-25 12:18:48",,"1 cotton =24 pcs"
243,123,"King Hair Spray",144,260,260,280,280,20,"Shahid Bhai KGM",0,2026-02-24,"2026-02-25 12:19:47",,
244,121,"Finix Foam",240,275,275,290,290,20,"Shahid Bhai KGM",0,2026-02-24,"2026-02-25 12:20:28",,
245,42,"Jolly Shaving cream",336,133.9285,133.9285,139,139,OPEN_MARKET,"Open Market",0,2026-02-24,"2026-02-25 12:23:46",,"1 cotton=12 daby 14 pcs"
246,86,"Nose Strip-Patti",5000,13,13,15,15,20,"Shahid Bhai KGM",0,2026-02-24,"2026-02-25 12:24:41",,
247,120,"Neck Roll",60,625,625,650,650,20,"Shahid Bhai KGM",0,2026-02-24,"2026-02-25 12:25:35",,
248,125,"Glatt Hair Straitner",48,320,320,350,350,20,"Shahid Bhai KGM",0,2026-02-24,"2026-02-25 12:27:00",,"1 cotton=48 pc"
249,138,"Finix Hair Spray",96,334.375,0,350,0,20,"Shahid Bhai KGM",0,2026-02-25,"2026-02-25 12:29:31",,
250,63,"Scissors Normal",84,117,125,150,150,29,"Ali Raza DAska",0,2026-02-24,"2026-02-25 17:16:25",,
251,62,"Scissors Special",264,168,170,183,183,29,"Ali Raza DAska",0,2026-02-24,"2026-02-25 17:18:31",,
252,67,"PZ Ustra",50,660,650,800,800,29,"Ali Raza DAska",0,2026-02-24,"2026-02-25 17:19:48",,"1 box=12 pcs"
253,64,Chimiti,6,450,470,500,500,29,"Ali Raza DAska",0,2026-02-24,"2026-02-25 17:20:20",,
254,139,"Trimer Machine V-949",2,2700,0,2800,0,20,"Shahid Bhai KGM",0,2026-02-24,"2026-02-25 21:17:30",,
255,140,"Trimer Machine VGR V-964",2,2150,0,2200,0,20,"Shahid Bhai KGM",0,2026-02-25,"2026-02-25 22:27:36",,
256,141,"Trimer Machine Kemyi 511",2,2800,0,2850,0,20,"Shahid Bhai KGM",0,2026-02-25,"2026-02-25 22:31:25",,
257,142,"Trimer Machine Dingling RF-1861",2,3550,0,3600,0,20,"Shahid Bhai KGM",0,2026-02-25,"2026-02-25 22:32:53",,
258,143,"Trimer Machine Dingling RF-1983 S",2,4850,0,4900,0,20,"Shahid Bhai KGM",0,2026-02-25,"2026-02-25 22:34:05",,
259,144,"Trimer Machine VGR V-652",2,3430,0,3500,0,20,"Shahid Bhai KGM",0,2026-02-25,"2026-02-25 22:35:52",,
260,145,"Trimer Machine VGR V-282",2,2850,0,2900,0,20,"Shahid Bhai KGM",0,2026-02-25,"2026-02-25 22:37:19",,
261,146,"Trimer Machine Kemyi 519-A",2,2400,0,2450,0,20,"Shahid Bhai KGM",0,2026-02-25,"2026-02-25 22:40:16",,
262,147,"Trimer Machine Dingling RF-1636",2,1500,0,1550,0,20,"Shahid Bhai KGM",0,2026-02-25,"2026-02-25 22:41:37",,
263,104,"Blade S-20",20,2050,2025,2100,2100,20,"Shahid Bhai KGM",0,2026-02-21,"2026-02-26 12:06:23",,"1 cotton+20 bundle (1 bundle=10 dabbi)"
264,102,"Blade Pro UK",60,2325,2325,2400,2400,20,"Shahid Bhai KGM",0,2026-02-21,"2026-02-26 12:07:20",,"1 cotton+20 bundle (1 bundle=10 dabbi)"
265,103,"Blade OK",19,2375,2450,2500,2500,20,"1 Shahid Bhai KGM",0,2026-02-21,"2026-02-26 12:08:42",,"1 cotton+20 bundle (1 bundle=10 dabbi)"
266,108,"Blade Silk",20,2125,2150,2200,2200,20,"Shahid Bhai KGM",0,2026-02-21,"2026-02-26 12:09:50",,"1 cotton+20 bundle (1 bundle=10 dabbi)"
267,148,"Blade Rk patty",20,2025,0,2100,0,20,"Shahid Bhai KGM",0,2026-02-26,"2026-02-26 12:11:11",,
268,149,"Blade Rk Platinium",20,2075,0,2150,0,20,"Shahid Bhai KGM",0,2026-02-26,"2026-02-26 12:14:09",,
269,150,"Blade Asco",20,2375,0,2450,0,20,"Shahid Bhai KGM",0,2026-02-26,"2026-02-26 12:15:34",,
270,151,"Blade Clean shave",20,2025,0,2100,0,20,"Shahid Bhai KGM",0,2026-02-26,"2026-02-26 12:18:01",,
271,19,"Shahzad Disposable Razer",120,390,400,420,400,20,"Shahid Bhai KGM",0,2026-02-27,"2026-02-28 14:11:57",,"1 cotton= 20 dabby"
272,146,"Trimer Machine Kemyi 519-A",6,2450,2400,2500,2450,20,"Shahid Bhai KGM",0,2026-02-27,"2026-02-28 14:12:52",,
273,152,"Trimer Machine Dingling RF-609 pro",6,2500,0,2500,0,20,"Shahid Bhai KGM",0,2026-02-27,"2026-02-28 14:14:42",,
274,26,"Lahori Facial kit",144,900,900,1200,1200,3,"Naveed Lahore",0,2026-02-28,"2026-02-28 14:44:30",,
275,91,"Shower head color",2100,30,30,36,36,3,"Naveed Lahore",0,2026-02-28,"2026-02-28 14:45:03",,
276,90,"Shower head black",500,35,35,40,40,3,"Naveed Lahore",0,2026-02-28,"2026-02-28 14:45:21",,
277,153,"JJ Shower Color copy",240,100,0,120,0,3,"Naveed Lahore",0,2026-02-28,"2026-02-28 14:48:44",,
278,154,"JJ Shower Color copy small",120,95,0,110,0,3,"Naveed Lahore",0,2026-02-28,"2026-02-28 14:49:44",,
279,41,"Crystal Hair remove brush",400,335,350,380,380,3,"Naveed Lahore",0,2026-02-28,"2026-02-28 14:51:45",,
280,97,"Hair natro Wax",144,200,200,250,250,3,"Naveed Lahore",0,2026-02-28,"2026-02-28 14:56:20",,
281,155,"Steel Cup",480,80,0,100,0,3,"Naveed Lahore",0,2026-02-28,"2026-02-28 14:58:05",,
282,39,"Cherri Hair remove brush",200,85,85,100,100,3,"Naveed Lahore",0,2026-02-28,"2026-02-28 14:58:47",,
283,156,"Pak Plastic Ruber cup",200,80,0,100,0,3,"Naveed Lahore",0,2026-02-28,"2026-02-28 15:00:08",,
284,157,"Disposible chadar",10,650,0,700,0,3,"Naveed Lahore",0,2026-02-28,"2026-02-28 15:06:43",,
285,18,"Wajeeh Hair color tube",240,58,57,60,60,20,"Shahid Bhai KGM",0,2026-02-27,"2026-02-28 15:18:19",,"1 cotton=240 pcs"
286,158,"Facial Kit mix AB",18,1800,0,2000,0,20,"Shahid Bhai KGM",0,2026-02-27,"2026-02-28 15:21:42",,
287,159,"Gosny Apple kit",4,1560,0,1700,0,20,"Shahid Bhai KGM",0,2026-02-27,"2026-02-28 15:30:38",,
288,160,"Silky Cool Origional Facial kit",2,9500,0,10500,0,20,"Shahid Bhai KGM",0,2026-02-27,"2026-02-28 15:32:32",,
289,161,"Zafrani milk Facial kit",7,2400,0,2500,0,20,"Shahid Bhai KGM",0,2026-02-27,"2026-02-28 15:34:14",,
290,162,"Chadar Print china",120,360,0,400,0,20,"Shahid Bhai KGM",0,2026-02-27,"2026-02-28 15:35:24",,
291,163,"Blue Tox Bottle",4,4300,0,4500,0,20,"Shahid Bhai KGM",0,2026-02-27,"2026-02-28 15:51:27",,
292,164,"Alovera Gel jar",6,75,0,80,0,20,"Shahid Bhai KGM",0,2026-02-27,"2026-02-28 16:04:40",,
293,165,"Wax Jar 300 gm",11,625,0,700,0,20,"Shahid Bhai KGM",0,2026-02-27,"2026-02-28 16:10:54",,
294,166,"Osny Polish pkt",3,350,0,380,0,20,"Shahid Bhai KGM",0,2026-02-27,"2026-02-28 16:12:01",,
295,167,"JK Polish vol-20",2,160,0,180,0,20,"Shahid Bhai KGM",0,2026-02-27,"2026-02-28 16:13:12",,
296,168,"JK Polish Powder",2,140,0,160,0,20,"Shahid Bhai KGM",0,2026-02-27,"2026-02-28 16:14:24",,
297,169,"Bremod Conditiner and Shampo bottle",4,1500,0,1550,0,20,"Shahid Bhai KGM",0,2026-02-27,"2026-02-28 16:16:14",,
298,170,"Facial Tube kit Cerave",2,850,0,950,0,20,"1 Shahid Bhai KGM",0,2026-02-27,"2026-02-28 16:17:47",,
299,171,"Hair Capsule jar",20,365,0,450,0,20,"1 Shahid Bhai KGM",0,2026-02-27,"2026-02-28 16:19:05",,
300,146,"Trimer Machine Kemyi 519-A",10,2450,2450,2500,2500,20,"Shahid Bhai KGM",0,2026-02-27,"2026-02-28 16:39:35",,
301,141,"Trimer Machine Kemyi 511",5,2850,2800,2850,2850,20,"Shahid Bhai KGM",0,2026-02-27,"2026-02-28 16:40:10",,
302,142,"Trimer Machine Dingling RF-1861",2,3650,3550,3700,3600,20,"1 Shahid Bhai KGM",0,2026-02-27,"2026-02-28 16:42:31",,
303,172,"Trimer Machine Dingling RF-1981",3,3150,0,3200,0,20,"1 Shahid Bhai KGM",0,2026-02-27,"2026-02-28 18:14:36",,
304,173,"Trimer Machine Dingling RF-696",5,3200,0,3300,0,20,"1 Shahid Bhai KGM",0,2026-02-27,"2026-02-28 18:15:51",,
305,174,"Trimer Machine Dingling RF-1972",4,2750,0,2900,0,20,"1 Shahid Bhai KGM",0,2026-02-27,"2026-02-28 18:17:03",,
306,175,"Trimer Machine Dingling RF-1982",3,3200,0,3300,0,20,"1 Shahid Bhai KGM",0,2026-02-27,"2026-02-28 18:18:29",,
307,134,"Trimer Machine VGR-071",2,1800,1880,1920,1920,20,"1 Shahid Bhai KGM",0,2026-02-27,"2026-02-28 18:19:07",,
308,139,"Trimer Machine V-949",3,2800,2700,2900,2800,20,"1 Shahid Bhai KGM",0,2026-02-27,"2026-02-28 18:20:15",,
309,144,"Trimer Machine VGR V-652",1,3530,3430,3700,3500,20,"1 Shahid Bhai KGM",0,2026-02-27,"2026-02-28 18:21:23",,
310,145,"Trimer Machine VGR V-282",2,2950,2850,3100,2900,20,"1 Shahid Bhai KGM",0,2026-02-27,"2026-02-28 18:22:27",,
311,176,"Trimer Machine VGR V-353",2,1200,0,1300,0,20,"1 Shahid Bhai KGM",0,2026-02-27,"2026-02-28 18:23:33",,
312,177,"Trimer Machine Gemy 6050",2,1800,0,1900,0,20,"1 Shahid Bhai KGM",0,2026-02-27,"2026-02-28 18:24:54",,
313,178,"Trimer Machine Kemyi 3 in 1 mix",2,1200,0,1300,0,20,"1 Shahid Bhai KGM",0,2026-02-27,"2026-02-28 18:27:44",,
314,179,"Trimer Machine Dingling RF-1985",4,3150,0,3300,0,20,"1 Shahid Bhai KGM",0,2026-02-27,"2026-02-28 18:29:14",,
315,152,"Trimer Machine Dingling RF-609 pro",15,2450,2500,2700,2500,20,"1 Shahid Bhai KGM",0,2026-02-27,"2026-02-28 18:30:23",,
316,87,"Dettol Ltr",264,830,1000,1000,1200,1,"Arif bhai 56",219120,2026-02-27,"2026-03-02 12:38:27",,"1 cotton=12 pcs (Payment %6 account mn jama kr di)"
317,180,"Blade Silk pcs",5,212,0,250,0,20,"1 Shahid Bhai KGM",0,2026-01-24,"2026-03-02 15:02:52",,
318,181,"Blade Pro UK pcs",5,232,0,250,0,20,"1 Shahid Bhai KGM",0,2026-01-24,"2026-03-02 15:04:20",,
319,132,"Pari Brush pcs",8,66.66,66.66,70,70,20,"1 Shahid Bhai KGM",0,2026-01-24,"2026-03-02 15:05:28",,"old stock"
320,97,"Hair natro Wax",19,200,200,250,250,20,"1 Shahid Bhai KGM",0,2026-01-24,"2026-03-02 15:15:16",,"old stock"
321,182,"Scissor Jagwar Pcs",12,133,0,150,0,20,"1 Shahid Bhai KGM",0,2026-01-24,"2026-03-02 15:18:53",,
322,90,"Shower head black",70,35,35,40,40,20,"1 Shahid Bhai KGM",0,2026-01-24,"2026-03-02 15:28:39",,"old stock"
323,91,"Shower head color",15,30,30,36,36,20,"1 Shahid Bhai KGM",0,2026-01-24,"2026-03-02 15:29:17",,"old stock"
324,36,"CB Special Hair remove brush",192,104,104,125,125,7,"Saleem Brush",19968,2026-03-02,"2026-03-02 16:15:16",,
325,37,"Armetic Hair remove brush",40,850,850,920,920,7,"Saleem Brush",34000,2026-03-02,"2026-03-02 16:17:07",,
326,48,"Crystal snow cream",1080,70,72,80,80,1,"Arif bhai 56",0,2026-02-24,"2026-03-02 16:23:49",,
327,48,"Crystal snow cream",2784,70,70,80,80,1,"Arif bhai 56",0,2026-02-27,"2026-03-02 16:24:24",,
328,183,"Blade Ok pcs",5,237,0,250,0,20,"1 Shahid Bhai KGM",0,2026-01-24,"2026-03-02 19:52:17",,
329,94,"Chadar sada",400,195,195,220,220,30,"Ubaidullah Hyd",0,2026-03-02,"2026-03-03 12:38:08",,
330,73,"Shaving Brush",28,1150,1150,1450,1450,16,"Shahid Shaving Brush",0,2026-03-02,"2026-03-03 12:44:09",,
331,184,"White Tissue Normal",760,150,0,180,0,10,"Raju Tissue Bangali",0,2026-02-28,"2026-03-03 12:59:54",,
332,60,"Tissue Party pink 700 gm",600,160,158,168,168,10,"Raju Tissue Bangali",0,2026-02-28,"2026-03-03 13:01:06",,
333,185,"Tissue Party pink 1 kg",100,225,0,250,0,10,"Raju Tissue Bangali",0,2026-02-28,"2026-03-03 13:02:11",,
334,27,"Alisha Facial kit Local",792,270,270,290,290,1,"Arif bhai 56",213840,2026-03-03,"2026-03-03 13:10:32",,"ye payment amir karkhana k blade account mn jama ki"
335,72,"Scrab Ltr",408,155,160,175,175,1,"Arif bhai 56",0,2026-02-27,"2026-03-03 13:17:10",,
336,165,"Wax Jar 300 gm",73,610,625,670,700,20,"1 Shahid Bhai KGM",0,2026-02-28,"2026-03-03 20:50:26",,
337,138,"Finix Hair Spray",96,320,320,330,330,20,"1 Shahid Bhai KGM",0,2026-02-28,"2026-03-03 20:51:17",,
338,42,"Jolly Shaving cream",168,133.9285,133.9285,139,139,20,"1 Shahid Bhai KGM",0,2026-02-28,"2026-03-03 20:53:29",,
339,120,"Neck Roll",40,625,625,650,650,20,"1 Shahid Bhai KGM",0,2026-02-28,"2026-03-03 20:54:09",,
340,38,"Pari Hair remove brush",18,800,800,900,900,20,"1 Shahid Bhai KGM",0,2026-02-28,"2026-03-03 20:55:25",,
341,120,"Neck Roll",120,625,625,650,650,20,"1 Shahid Bhai KGM",0,2026-03-02,"2026-03-03 20:57:03",,
342,19,"Shahzad Disposable Razer",100,390,390,420,420,20,"1 Shahid Bhai KGM",0,2026-03-02,"2026-03-03 20:57:53",,
343,17,"Electric hair color",360,168,168,175,175,20,"1 Shahid Bhai KGM",0,2026-03-02,"2026-03-03 20:59:14",,
344,122,"King Star Foam",240,200,200,220,220,20,"1 Shahid Bhai KGM",0,2026-03-02,"2026-03-03 21:00:07",,
345,42,"Jolly Shaving cream",168,133.9285,133.9285,139,139,20,"1 Shahid Bhai KGM",0,2026-03-02,"2026-03-03 21:00:42",,
346,186,"Finix Hair Shiner",96,333,0,350,0,20,"1 Shahid Bhai KGM",0,2026-03-02,"2026-03-03 21:02:42",,
347,138,"Finix Hair Spray",240,320,320,330,330,20,"1 Shahid Bhai KGM",0,2026-03-02,"2026-03-03 21:03:24",,
348,121,"Finix Foam",288,275,275,290,290,20,"1 Shahid Bhai KGM",0,2026-03-02,"2026-03-03 21:04:38",,
349,18,"Wajeeh Hair color tube",1200,58,58,60,60,20,"1 Shahid Bhai KGM",0,2026-03-02,"2026-03-03 21:05:48",,
350,187,"Safex Platinium Razer",40,1208,0,1270,0,20,"1 Shahid Bhai KGM",0,2026-03-02,"2026-03-03 21:11:58",,
351,171,"Hair Capsule jar",180,365,390,450,450,20,"1 Shahid Bhai KGM",0,2026-03-02,"2026-03-03 21:50:19",,
352,177,"Trimer Machine Gemy 6050",13,1800,1800,1900,1900,20,"1 Shahid Bhai KGM",0,2026-03-02,"2026-03-03 21:51:04",,
353,179,"Trimer Machine Dingling RF-1985",10,3100,3150,3300,3300,20,"1 Shahid Bhai KGM",0,2026-03-02,"2026-03-03 21:51:45",,
354,172,"Trimer Machine Dingling RF-1981",5,3100,3150,3200,3200,20,"1 Shahid Bhai KGM",0,2026-03-02,"2026-03-03 21:55:09",,
355,135,"Trimer Machine VGR-964",13,2200,2180,2300,2200,20,"1 Shahid Bhai KGM",0,2026-03-02,"2026-03-03 22:02:53",,
356,136,"Trimer Machine Dingling D-071",9,1600,1580,1700,1600,20,"1 Shahid Bhai KGM",0,2026-03-02,"2026-03-03 22:03:40",,
357,137,"Trimer Machine Dingling D-290",17,1700,1680,1800,2000,20,"1 Shahid Bhai KGM",0,2026-03-02,"2026-03-03 22:05:17",,
358,152,"Trimer Machine Dingling RF-609 pro",23,2450,2450,2700,2700,20,"1 Shahid Bhai KGM",0,2026-03-02,"2026-03-03 22:06:53",,
359,147,"Trimer Machine Dingling RF-1636",13,1550,1500,1600,1550,20,"1 Shahid Bhai KGM",0,2026-03-02,"2026-03-03 22:08:04",,
360,164,"Alovera Gel jar",12,70,75,80,80,20,"1 Shahid Bhai KGM",0,2026-03-02,"2026-03-03 22:09:12",,
361,176,"Trimer Machine VGR V-353",4,1200,1200,1300,1300,20,"1 Shahid Bhai KGM",0,2026-03-02,"2026-03-03 22:09:47",,
362,188,"Trimer Machine Dingling RF-1981 c.cash",4,2800,0,2900,0,20,"1 Shahid Bhai KGM",0,2026-03-02,"2026-03-03 22:14:35",,
363,162,"Chadar Print china",40,360,360,400,400,20,"1 Shahid Bhai KGM",0,2026-03-02,"2026-03-03 22:15:31",,
364,178,"Trimer Machine Kemyi 3 in 1 mix",36,1220,1200,1300,1300,20,"1 Shahid Bhai KGM",0,2026-03-02,"2026-03-03 22:16:48",,
365,189,"Osny Facial Tube kit",9,1400,0,1700,0,20,"1 Shahid Bhai KGM",0,2026-03-02,"2026-03-03 22:19:09",,
366,159,"Gosny Apple kit",2,1700,1560,1900,1700,20,"1 Shahid Bhai KGM",0,2026-03-02,"2026-03-03 22:20:51",,
367,190,"Gel Burni newfag",12,300,0,320,0,20,"1 Shahid Bhai KGM",0,2026-03-02,"2026-03-04 11:14:02",,
368,123,"King Hair Spray",240,260,260,280,280,20,"1 Shahid Bhai KGM",0,2026-01-26,"2026-03-04 15:02:38",,"Recheck 2nd stock entry"
369,125,"Glatt Hair Straitner",480,320,320,350,350,20,"1 Shahid Bhai KGM",0,2026-01-26,"2026-03-04 15:03:36",,"Recheck 2nd stock entry"
370,124,"Apple China Original 1 kg",72,1500,1500,1700,1700,20,"1 Shahid Bhai KGM",0,2026-01-26,"2026-03-04 15:04:50",,"Recheck 2nd stock entry"
371,123,"King Hair Spray",96,260.42,260,280,280,20,"1 Shahid Bhai KGM",0,2026-03-03,"2026-03-04 16:06:44",,
372,191,"Ustra pcs",12,100,0,120,0,20,"1 Shahid Bhai KGM",0,2026-01-26,"2026-03-04 17:09:18",,
373,192,"Color Piyali",12,30,0,35,0,20,"1 Shahid Bhai KGM",0,2026-01-26,"2026-03-04 17:10:35",,
374,68,"Moon Ustra",4,870,870,1000,1000,20,"1 Shahid Bhai KGM",0,2026-02-04,"2026-03-04 17:42:26",,"Item retrun from Imtiaz johar"
375,97,"Hair natro Wax",24,200,200,250,250,20,"1 Shahid Bhai KGM",0,2026-02-04,"2026-03-04 17:43:43",,"Item retrun from Imtiaz johar"
376,24,"Gellme Shaving foam",24,265,265,270,270,20,"1 Shahid Bhai KGM",0,2026-02-08,"2026-03-04 17:44:53",,"Item retrun from Umair firdous"
377,193,"Shower Complete",12,100,0,110,0,20,"1 Shahid Bhai KGM",0,2026-01-26,"2026-03-04 22:53:17",,
378,171,"Hair Capsule jar",24,365,365,450,450,20,"1 Shahid Bhai KGM",0,2026-01-26,"2026-03-04 22:55:03",,"old stock"
379,180,"Blade Silk pcs",10,212,212,250,250,20,"1 Shahid Bhai KGM",0,2026-03-02,"2026-03-05 11:50:46",,
380,181,"Blade Pro UK pcs",10,232,232,250,250,20,"1 Shahid Bhai KGM",0,2026-03-01,"2026-03-05 11:51:31",,
381,182,"Scissor Jagwar Pcs",10,133,133,150,150,20,"1 Shahid Bhai KGM",0,2026-03-01,"2026-03-05 12:07:22",,
382,194,"Blade Rk pcs",10,202,0,220,0,20,"1 Shahid Bhai KGM",0,2026-03-01,"2026-03-05 12:33:33",,
383,76,"Orchit Facial",324,220,220,225,225,14,"Naveed Orchit Karachi",0,2026-03-05,"2026-03-05 16:46:04",,
384,122,"King Star Foam",96,200,200,220,220,20,"1 Shahid Bhai KGM",0,2026-03-04,"2026-03-05 17:56:33",,
385,121,"Finix Foam",96,275,275,290,290,20,"1 Shahid Bhai KGM",0,2026-03-04,"2026-03-05 17:57:07",,
386,195,"Disposible Puff",200,105,0,110,0,20,"1 Shahid Bhai KGM",0,2026-03-04,"2026-03-05 17:59:07",,
387,120,"Neck Roll",20,625,625,650,650,20,"1 Shahid Bhai KGM",0,2026-03-05,"2026-03-05 18:09:26",,
388,17,"Electric hair color",144,168,168,175,175,20,"1 Shahid Bhai KGM",0,2026-03-05,"2026-03-05 18:10:57",,"1 cotton =72 pcs"
389,187,"Safex Platinium Razer",12,1208.3,1208,1270,1270,20,"1 Shahid Bhai KGM",0,2026-03-05,"2026-03-05 18:12:21",,
390,172,"Trimer Machine Dingling RF-1981",3,3100,3100,3200,3200,20,"1 Shahid Bhai KGM",0,2026-03-05,"2026-03-05 18:12:51",,
391,189,"Osny Facial Tube kit",1,1400,1400,1700,1700,20,"1 Shahid Bhai KGM",0,2026-03-05,"2026-03-05 18:13:16",,
392,152,"Trimer Machine Dingling RF-609 pro",3,2450,2450,2700,2700,20,"1 Shahid Bhai KGM",0,2026-03-05,"2026-03-05 18:13:55",,
393,147,"Trimer Machine Dingling RF-1636",5,1550,1550,1600,1600,20,"1 Shahid Bhai KGM",0,2026-03-05,"2026-03-05 18:14:23",,
394,137,"Trimer Machine Dingling D-290",6,1700,1700,1800,1800,20,"1 Shahid Bhai KGM",0,2026-03-05,"2026-03-05 18:14:50",,
395,177,"Trimer Machine Gemy 6050",1,1800,1800,1900,1900,20,"1 Shahid Bhai KGM",0,2026-03-05,"2026-03-05 18:15:14",,
396,136,"Trimer Machine Dingling D-071",3,1600,1600,1700,1700,20,"1 Shahid Bhai KGM",0,2026-03-05,"2026-03-05 18:15:43",,
397,135,"Trimer Machine VGR-964",3,2200,2200,2300,2300,20,"1 Shahid Bhai KGM",0,2026-03-05,"2026-03-05 18:16:30",,
398,83,"Wax Satche",6,185,185,200,200,20,"1 Shahid Bhai KGM",0,2026-01-26,"2026-03-05 22:12:04",,"stock entry"
399,196,"Shahzad ustra pcs",25,15,0,20,0,20,"1 Shahid Bhai KGM",0,2026-01-26,"2026-03-05 22:23:29",,
400,26,"Lahori Facial kit",6,900,900,1200,1200,3,"Naveed Lahore",0,2026-03-04,"2026-03-06 12:09:31",,
401,66,"Wax bottle",72,750,750,800,800,3,"Naveed Lahore",0,2026-03-04,"2026-03-06 12:10:42",,
402,7,"Comb- Kanga TH and tony",200,180,180,280,280,3,"Naveed Lahore",0,2026-03-04,"2026-03-06 12:11:09",,
403,110,"Showel black bottle",300,95,105,120,120,3,"Naveed Lahore",0,2026-03-04,"2026-03-06 12:12:22",,
404,197,"Chadar print special",150,240,0,300,0,3,"Naveed Lahore",0,2026-03-04,"2026-03-06 12:14:26",,
405,198,"Steel Rubber Cup",360,65,0,70,0,3,"Naveed Lahore",0,2026-03-04,"2026-03-06 12:15:28",,
406,199,"Rubber Cup local",240,50,0,60,0,3,"Naveed Lahore",0,2026-03-04,"2026-03-06 12:16:21",,
407,81,"Curling Hadi shoper",32,125,200,250,250,3,"Naveed Lahore",0,2026-03-04,"2026-03-06 12:17:24",,
408,21,"Pak safe Disposable Razer",280,360,360,425,425,20,"1 Shahid Bhai KGM",0,2026-03-06,"2026-03-06 12:45:50",,
409,93,"Chadar Print",480,225,230,260,260,31,"Ubaid Pak colony karachi",108000,2026-03-05,"2026-03-06 14:54:40",,"21 cotton 56 k dye"
410,102,"Blade Pro UK",20,2325,2325,2400,2400,20,"1 Shahid Bhai KGM",0,2026-02-21,"2026-03-06 19:55:27",,"Stock entry"
411,102,"Blade Pro UK",20,2375,2325,2400,2400,20,"1 Shahid Bhai KGM",0,2026-03-03,"2026-03-07 14:06:28",,
412,116,"Blade Silver star",20,2350,2400,2700,2700,20,"1 Shahid Bhai KGM",0,2026-03-04,"2026-03-07 14:08:05",,
413,115,"Blade T-10",20,2075,2090,2200,2200,20,"1 Shahid Bhai KGM",0,2026-03-04,"2026-03-07 14:09:07",,
414,151,"Blade Clean shave",20,2025,2025,2100,2100,20,"1 Shahid Bhai KGM",0,2026-03-04,"2026-03-07 14:09:50",,
416,17,"Electric hair color",72,168,168,175,175,20,"1 Shahid Bhai KGM",0,2026-03-06,"2026-03-09 14:20:02",,
417,42,"Jolly Shaving cream",336,133.9285,133.9285,139,139,20,"1 Shahid Bhai KGM",0,2026-03-06,"2026-03-09 14:22:05",,
418,200,"Kashee Facial kit",36,1700,0,2000,0,20,"1 Shahid Bhai KGM",0,2026-03-06,"2026-03-09 14:23:32",,
419,86,"Nose Strip-Patti",4000,13,12,15,15,20,"1 Shahid Bhai KGM",0,2026-03-06,"2026-03-09 14:25:05",,
420,174,"Trimer Machine Dingling RF-1972",4,2500,2750,2700,2900,20,"1 Shahid Bhai KGM",0,2026-03-06,"2026-03-09 14:25:53",,
421,120,"Neck Roll",20,625,625,650,650,20,"1 Shahid Bhai KGM",0,2026-03-06,"2026-03-09 14:26:30",,
422,142,"Trimer Machine Dingling RF-1861",3,3650,3650,3800,3700,20,"1 Shahid Bhai KGM",0,2026-03-07,"2026-03-09 14:51:11",,
423,174,"Trimer Machine Dingling RF-1972",3,2500,2500,2700,2700,20,"1 Shahid Bhai KGM",0,2026-03-07,"2026-03-09 14:51:46",,
424,137,"Trimer Machine Dingling D-290",3,1700,1700,1800,1800,20,"1 Shahid Bhai KGM",0,2026-03-07,"2026-03-09 14:52:20",,
425,188,"Trimer Machine Dingling RF-1981 c.cash",4,2800,2800,2900,2900,20,"1 Shahid Bhai KGM",0,2026-03-07,"2026-03-09 14:52:52",,
426,178,"Trimer Machine Kemyi 3 in 1 mix",15,1200,1220,1300,1300,20,"1 Shahid Bhai KGM",0,2026-03-07,"2026-03-09 14:54:19",,
427,136,"Trimer Machine Dingling D-071",10,1600,1600,1700,1700,20,"1 Shahid Bhai KGM",0,2026-03-07,"2026-03-09 14:55:08",,
428,152,"Trimer Machine Dingling RF-609 pro",3,2500,2450,2700,2700,20,"1 Shahid Bhai KGM",0,2026-03-07,"2026-03-09 14:55:52",,
429,83,"Wax Satche",250,190,185,200,200,20,"1 Shahid Bhai KGM",0,2026-03-07,"2026-03-09 14:56:58",,
430,170,"Facial Tube kit Cerave",8,850,850,950,950,20,"1 Shahid Bhai KGM",0,2026-03-07,"2026-03-09 14:57:29",,
431,98,"Scissors Daska",83,1500,1500,1750,1750,29,"Ali Raza DAska",0,2026-03-09,"2026-03-09 21:25:34",,
432,201,"Bleach Powder",140,105,0,150,0,23,"Zoheb Khipro",0,2026-03-05,"2026-03-09 23:39:08",,
433,202,"Shaving Brush pcs",12,95,0,110,0,20,"1 Shahid Bhai KGM",0,2026-01-26,"2026-03-09 23:44:46",,
434,37,"Armetic Hair remove brush",51,870,850,920,920,7,"Saleem Brush",0,2026-03-10,"2026-03-10 15:09:32",,
435,85,"Color Brush Medium",50,180,180,250,250,7,"Saleem Brush",0,2026-03-10,"2026-03-10 15:10:45",,
436,203,"Color Brush small",98,120,0,150,0,7,"Saleem Brush",0,2026-03-10,"2026-03-10 15:12:27",,
437,204,"Color Brush small pcs",24,10,0,12,0,7,"Saleem Brush",0,2026-03-10,"2026-03-10 20:06:42",,
438,205,"Blade Silk Danda pc",50,860,0,880,0,20,"1 Shahid Bhai KGM",0,2026-03-04,"2026-03-10 23:45:42",,
439,19,"Shahzad Disposable Razer",40,390,390,420,420,20,"1 Shahid Bhai KGM",0,2026-03-10,"2026-03-11 14:06:33",,
440,175,"Trimer Machine Dingling RF-1982",1,3200,3200,3300,3300,20,"1 Shahid Bhai KGM",0,2026-03-10,"2026-03-11 14:07:06",,
441,152,"Trimer Machine Dingling RF-609 pro",14,2450,2500,2700,2700,20,"1 Shahid Bhai KGM",0,2026-03-10,"2026-03-11 14:07:41",,
442,206,"Kashee Facial pcs",24,320,0,340,0,20,"1 Shahid Bhai KGM",0,2026-03-10,"2026-03-11 14:10:45",,
443,176,"Trimer Machine VGR V-353",3,1200,1200,1300,1300,20,"1 Shahid Bhai KGM",0,2026-03-10,"2026-03-11 14:11:20",,
444,159,"Gosny Apple kit",1,1650,1700,1900,1900,20,"1 Shahid Bhai KGM",0,2026-03-10,"2026-03-11 14:12:07",,
445,157,"Disposible chadar",50,790,650,850,700,20,"1 Shahid Bhai KGM",0,2026-03-10,"2026-03-11 14:13:06",,
446,30,"Alisha Facial kit Original",48,325,325,330,330,20,"1 Shahid Bhai KGM",0,2026-03-10,"2026-03-11 14:14:15",,"1 cotton=48 pcs"
447,200,"Kashee Facial kit",48,1700,1700,2000,2000,20,"1 Shahid Bhai KGM",0,2026-03-10,"2026-03-11 14:14:56",,
448,38,"Pari Hair remove brush",12,800,800,900,900,20,"1 Shahid Bhai KGM",0,2026-03-10,"2026-03-11 14:15:46",,
449,124,"Apple China Original 1 kg",24,1520.8,1500,1700,1700,20,"1 Shahid Bhai KGM",36499.2,2026-03-10,"2026-03-11 14:17:12",,
450,42,"Jolly Shaving cream",168,136.9,133.9285,139,139,20,"1 Shahid Bhai KGM",22999.2,2026-03-10,"2026-03-11 14:18:48",,
451,18,"Wajeeh Hair color tube",240,58,58,60,60,20,"1 Shahid Bhai KGM",0,2026-03-10,"2026-03-11 14:19:30",,
452,122,"King Star Foam",48,200,200,220,220,20,"1 Shahid Bhai KGM",0,2026-03-10,"2026-03-11 14:20:10",,
453,187,"Safex Platinium Razer",12,1208.3,1208.3,1270,1270,20,"1 Shahid Bhai KGM",0,2026-03-10,"2026-03-11 14:20:50",,
454,136,"Trimer Machine Dingling D-071",10,1600,1600,1700,1700,20,"1 Shahid Bhai KGM",0,2026-03-10,"2026-03-11 14:21:21",,
455,137,"Trimer Machine Dingling D-290",10,1700,1700,1800,1800,20,"1 Shahid Bhai KGM",0,2026-03-10,"2026-03-11 14:21:47",,
456,121,"Finix Foam",48,275,275,290,290,20,"1 Shahid Bhai KGM",0,2026-03-10,"2026-03-11 14:22:30",,
457,23,"Mormy Shaving Foam",48,215,205,220,220,20,"1 Shahid Bhai KGM",0,2026-03-10,"2026-03-11 14:23:09",,
458,183,"Blade Ok pcs",10,237,237,250,250,20,"1 Shahid Bhai KGM",0,2026-02-21,"2026-03-11 18:16:13",,
459,207,"Armatic brush pcs",12,72,0,80,0,7,"Saleem Brush",0,2026-03-10,"2026-03-11 18:30:45",,
460,77,"Pretty cream",1584,87,85,90,90,1,"Arif bhai 56",137808,2026-03-12,"2026-03-12 17:51:56",,"ye Raqam AA trader blade account mn jama ki"
